ID,cfg-config_id,cfg-tp_size,cfg-pp_size,cfg-max_running_requests,cfg-max_total_tokens,cfg-chunked_prefill_size,cfg-gpu_memory_utilization,cfg-attention_backend,cfg-context_length,cfg-enable_torch_compile,cfg-enable_p2p_check,cfg-disable_radix_cache,cfg-ai-temperature,cfg-ai-top_k,cfg-ai-top_p,cfg-ai-repetition_penalty,cfg-ai-frequency_penalty,cost-duration,cost-total_input_tokens,cost-total_output_tokens,cost-total_output_tokens_retokenized,cost-concurrency,obj-completed+,obj-request_throughput+,obj-input_throughput+,obj-output_throughput+,obj-mean_e2e_latency_ms-,obj-median_e2e_latency_ms-,obj-std_e2e_latency_ms-,obj-p99_e2e_latency_ms-,obj-mean_ttft_ms-,obj-median_ttft_ms-,obj-std_ttft_ms-,obj-p99_ttft_ms-,obj-mean_tpot_ms-,obj-median_tpot_ms-,obj-std_tpot_ms-,obj-p99_tpot_ms-,obj-mean_itl_ms-,obj-median_itl_ms-,obj-std_itl_ms-,obj-p95_itl_ms-,obj-p99_itl_ms-,hw-file,log-file
1,1,1,1,640,20480,10240,0.85,flashinfer,8192,True,True,False,0.9,51,0.55,1.2,2.0,33.922879606019706,154032,32768,32765,14.762284433895509,128,3.7732645779660183,4540.652261509857,965.9557319593007,3912.3374809441884,3952.3518679197878,199.37566980914812,4199.269215173554,108.84313034330262,108.03515953011811,70.2162839339716,350.3505170997232,14.915664120003475,15.078106858566695,0.7803652778665402,16.250076934138274,14.915652048276732,13.06522055529058,13.884955310346255,14.606424467638135,101.05358138680458,,log_file/log-1.txt
2,5,1,1,64,26624,13312,0.85,torch_native,5120,False,False,True,0.2,11,0.7,1.8,0.4,97.18231364479288,154032,32768,32765,15.5924410164944,128,1.3171120875743665,1584.9797583848033,337.1806944190378,11838.355416819468,12022.41309499368,466.44151285742277,12071.982860823628,276.6244038593868,248.7061299616471,97.08563007374664,425.70584160042927,45.3401216194513,45.8805385488542,1.837317227783479,46.64915287069173,45.340111129410744,40.71289848070592,23.973370376899727,83.54669085238129,166.58641798887402,,log_file/log-2.txt
3,8,1,1,704,24576,7168,0.85,flashinfer,7168,True,True,True,0.7,81,1.0,1.9,1.1,40.1970167029649,154032,32768,32768,15.003363843343939,128,3.1843159144334914,3831.9261635314024,815.1848740949738,4711.6442735277815,4800.40674994234,280.7955567404929,4822.08277459722,210.52492511080345,187.8400129498914,90.3518310305488,350.6389747746289,17.651448425164624,18.065379772737035,1.169073470453974,18.456696756750198,17.65143758604216,13.43569450546056,27.45845287889039,15.034597250632938,174.44479275494814,,log_file/log-3.txt
4,17,1,1,1024,24576,4096,0.75,flashinfer,7168,True,False,True,0.7,91,0.45,1.1,0.5,40.4503284948878,154032,32768,32768,15.00779576731496,128,3.164374796515606,3807.9295207569676,810.0799479079951,4742.73647478185,4838.479443918914,287.0642943959681,4857.084961053915,207.63893900220864,188.0805294495076,87.6922943423853,373.5379506996833,17.784696218743694,18.1423705043819,1.1848650313336386,18.58647271880296,17.784683085697264,13.501470442861319,28.064188451874962,15.397851064335555,174.8630131385289,,log_file/log-4.txt
5,18,1,1,128,24576,5120,0.95,flashinfer,7168,False,False,True,0.6,61,0.85,1.7,0.6,40.20175153808668,154032,32768,32768,14.98463529631578,128,3.1839408757783665,3831.4748513897916,815.0888641992618,4706.317070869773,4789.429747033864,263.88346845451713,4822.2869244846515,211.67899776082777,188.149351044558,91.96871596388316,350.57134011993185,17.626031659250767,18.0291101140171,1.1070577180268824,18.459980213804645,17.62601920402399,13.408942031674087,27.43613787791135,14.398175186943263,174.89133960567415,,log_file/log-5.txt
6,24,1,1,384,24576,5120,0.9,flashinfer,4096,True,True,True,0.5,91,0.35,1.6,1.9,40.148610377917066,154032,32768,32768,14.998519059108132,128,3.1881551763595737,3836.5462353517023,816.1677251480509,4704.45076523356,4791.754234000109,279.0464296293105,4819.865757972002,209.98537119521643,187.83806660212576,89.86507432650335,350.0175800174475,17.625354486424875,18.03736479943801,1.1620562889602626,18.44727519873128,17.625342712192065,13.412038097158074,27.484775990545288,14.492955082096158,174.85635729040953,,log_file/log-6.txt
7,28,1,1,832,26624,12288,0.75,torch_native,5120,True,True,False,0.3,1,0.6,1.8,1.3,91.84140699380077,154032,32768,32768,15.55719818304264,128,1.3937068713313583,1677.1520062883733,356.7889590608277,11162.46070321904,11183.13744198531,307.8479595470951,11573.721344489604,156.3931644686818,137.1112645138055,57.15356963465903,360.25151726789784,43.16104917157003,43.32684513327538,1.190550182954397,44.81939832007001,43.16103791412994,41.20931250508875,11.385839476543662,55.58153176680207,90.23244459647685,,log_file/log-7.txt
8,31,1,1,192,20480,6144,0.9,torch_native,6144,False,True,True,0.3,61,0.6,1.3,0.6,103.54767893790267,154032,32768,32768,15.251414781191334,128,1.2361455255482967,1487.5466218066815,316.45325454036396,12337.879696184245,11435.069367056713,2537.908599754633,19347.215997672174,1788.7402139167534,689.5987745374441,2591.640643504703,8640.763158446644,41.36917444026467,41.99347259595479,2.9977555954711343,43.458573971929795,41.36916116286182,37.502306629903615,25.107267295613276,54.310846154112326,166.46416193339974,,log_file/log-8.txt
9,32,1,1,256,26624,7168,0.75,flashinfer,5120,False,True,False,0.0,11,0.8,1.9,0.3,32.96329738991335,154032,32768,32768,14.68476615830184,128,3.883106671214499,4672.833490472747,994.0753078309117,3781.705577948742,3736.8863039882854,183.40338892561422,4175.15022022184,87.44475691128173,58.6848504608497,56.77711302023001,302.9037889116444,14.487297337401804,14.416812964733326,0.6731660974994859,15.947398480895322,14.487285292160973,13.013187563046813,10.602806070331457,14.843102998565882,45.04171513020993,,log_file/log-9.txt
10,35,1,1,384,20480,3072,0.8,torch_native,7168,True,True,False,0.7,41,0.45,1.2,0.4,93.5715452330187,154032,32768,32765,15.574047059841641,128,1.3679372258013378,1646.141459098685,350.1919298051425,11385.059757196359,11494.271980016492,342.8192906670846,11733.487417274155,174.11490674203378,158.02403003908694,71.1906453488384,427.4774081329817,43.964489609624806,44.35066720151215,1.3331676159249535,45.374790168969945,43.964477173294114,41.394429514184594,13.29319383052957,58.5303809843026,95.32902251929045,,log_file/log-10.txt
11,37,1,1,576,30720,4096,0.85,flashinfer,4096,True,False,False,0.0,41,0.4,1.1,1.6,32.44206892000511,154032,32768,32768,14.693517978018992,128,3.945494361522361,4747.909277296971,1010.0465565497244,3724.125960314268,3703.766681952402,181.62151603622988,4143.758514181245,77.39562543065404,58.45734302420169,48.63935249628322,292.3353955755011,14.300903274053388,14.262375867396008,0.6628955085193069,15.830577260988088,14.300887058690183,13.046014006249607,9.088281856888736,14.518917573150247,44.73923724144697,,log_file/log-11.txt
12,39,1,1,640,24576,8192,0.8,flashinfer,8192,True,True,True,0.3,41,0.5,1.3,1.9,40.23714801808819,154032,32768,32768,14.998157609058334,128,3.1811399739976336,3828.104316209402,814.3718333433942,4714.711622767936,4795.736200991087,275.02147519494133,4843.664814848453,209.2221108632657,187.72235792130232,90.40371739868989,351.47960542235523,17.668586321194788,18.04198701226828,1.1369350664496343,18.52071189069573,17.66857384538133,13.42571817804128,27.481161374617166,15.51395009737461,174.67450311640278,,log_file/log-12.txt
13,41,1,1,640,20480,12288,0.75,flashinfer,5120,False,False,False,0.9,100,0.7,1.2,1.6,34.046158423880115,154032,32768,32765,14.719594104114847,128,3.759601844248609,4524.21086932267,962.458072127644,3915.2002562805137,3956.5929429372773,191.90851901148818,4209.322562555317,103.23499828882632,82.50947797205299,64.87074881543033,344.9289215030149,14.948883364673284,15.098026184839945,0.7465494222758671,16.197468800178054,14.948870435360803,13.014396536163986,14.014519137295595,15.223569318186485,101.01139578036964,,log_file/log-13.txt
14,55,1,1,832,26624,15360,0.9,torch_native,8192,False,False,True,0.0,41,0.95,1.5,0.4,97.99825265398249,154032,32768,32765,15.598904188455235,128,1.3061457376382954,1571.7831270304837,334.37330883540363,11942.698076449233,12083.881162572652,423.61768483121233,12178.957877620123,276.247597157635,250.04792388062924,96.27787578224833,419.0992621728219,45.75078619330038,46.242533893981836,1.6751451200590592,47.074633902997945,45.75077506837546,41.07628809288144,23.864239571028495,84.79182495502755,166.96595455054194,,log_file/log-14.txt
15,63,1,1,704,28672,14336,0.85,flashinfer,4096,False,True,True,0.4,61,0.65,1.8,1.3,40.25649741012603,154032,32768,32768,14.991077306264785,128,3.1796109506487555,3826.2643277369466,813.9804033660814,4714.752068395683,4796.931373886764,265.97671036249176,4826.159321204759,211.17494748796162,187.77505902107805,92.52406043540329,354.4319544825703,17.66108674865773,18.050326972597222,1.1147945910132617,18.474932485369635,17.661074450627304,13.438038411550224,27.44586784577277,14.422035368625073,175.05410252604634,,log_file/log-15.txt
16,69,1,1,640,30720,3072,0.85,flashinfer,8192,True,False,False,0.1,1,0.4,1.9,0.5,32.47469304013066,154032,32768,32768,14.698266865762196,128,3.9415307126020798,4743.139521277528,1009.0318624261324,3729.0758178714896,3712.438553920947,184.38587083669617,4183.212225686293,75.58521256396489,58.22930298745632,46.81129283106117,297.35281092813256,14.327414138460881,14.257109339129837,0.6665533547915887,15.9784928074417,14.327402262421732,13.021631515584886,9.260897946291307,15.53201179485768,45.041570947505534,,log_file/log-16.txt
17,71,1,1,512,12288,4096,0.8,flashinfer,6144,True,True,True,0.9,91,0.3,1.8,0.1,56.03481063595973,154032,32768,32768,15.009686388386399,128,2.2842943261033777,2748.862684674652,584.7793474824647,6570.819800612298,6885.580974514596,905.1431203554317,7101.837940511759,3350.373704384765,3639.2005590023473,914.5889897551443,3927.308111228049,12.629200377362878,12.779275768016483,0.4752338582743878,13.473163784116363,12.629188374829063,10.828861617483199,18.555176828674913,11.13205507863313,94.87285694805905,,log_file/log-17.txt
18,74,1,1,128,28672,10240,0.85,torch_native,7168,True,True,False,0.9,61,0.35,1.9,1.9,90.9314017710276,154032,32768,32768,15.564007209861643,128,1.4076545341543734,1693.936275038019,360.3595607435196,11056.695255992963,11103.441520943306,306.3355502646834,11358.048240060452,148.18671611465106,135.72210480924696,51.58920929411031,348.09219886083173,42.77846486226789,42.99895187848997,1.1921529674533806,44.10441461897583,42.77845227992586,40.94675253145397,10.971439096296825,54.609443095977696,85.98860501078889,,log_file/log-18.txt
19,76,1,1,128,22528,6144,0.9,flashinfer,6144,False,False,True,1.0,61,0.9,1.2,0.3,40.23875914281234,154032,32768,32768,14.988229273736088,128,3.1810126039352293,3827.9510422605567,814.3392266074187,4711.779279086841,4789.025187841617,266.0759795274076,4841.653774264269,209.79083213933336,187.915627961047,89.89279813851799,351.38715074630454,17.654856654696108,18.037869757059593,1.1064123233070082,18.536302170834922,17.65484508956148,13.402841985225677,27.527810920127273,14.868583960924294,174.75012355018407,,log_file/log-19.txt
20,79,1,1,576,20480,8192,0.7,flashinfer,8192,True,False,False,0.8,71,0.55,1.3,0.0,33.96089891390875,154032,32768,32765,14.754823748019202,128,3.7690403992097323,4535.568990399011,964.8743421976915,3914.7427953048464,3953.405318548903,204.0710204191721,4216.544983014464,107.21201705018757,82.58486352860928,72.97103333246952,352.52886160044,14.931493248057485,15.103211925438075,0.7914964096243616,16.29118710604734,14.931481365477106,13.023935141973197,13.939425789922817,14.922646759077907,100.68541228305548,,log_file/log-20.txt
21,80,1,1,64,32768,10240,0.9,flashinfer,8192,True,True,True,0.0,51,0.9,1.6,1.5,40.23570423806086,154032,32768,32768,15.005907322914233,128,3.1812541230213816,3828.241680290855,814.4010554934737,4716.978506785381,4803.760956041515,280.0104926548351,4831.665413524024,210.95953163785452,188.48749448079616,90.51115001914496,352.06802014028654,17.670662647637357,18.08583643150461,1.1678840170684306,18.495857398673966,17.670649983191137,13.451999053359032,27.572654529323934,14.085929468274117,175.0905541679822,,log_file/log-21.txt
22,81,1,1,768,12288,15360,0.85,torch_native,7168,True,True,True,1.0,31,0.35,1.8,0.3,123.78963684500195,154032,32768,32768,15.278547446526328,128,1.0340122425617089,1244.3044823926964,264.70713409579747,14775.983124411141,15368.027069955133,1951.2772023863988,15939.38458650373,7422.171028740195,8014.9061979027465,1920.8308640129326,8408.862517485395,28.83847880655273,28.759483274474153,0.8631683188577053,30.66304548960362,28.83846636141243,26.748685399070382,17.254051607753784,32.13986298069358,65.45656253583732,,log_file/log-22.txt
23,82,1,1,832,10240,8192,0.85,torch_native,6144,False,True,False,0.5,41,0.35,1.6,1.2,123.38979438506067,154032,32768,32768,15.16831599249944,128,1.0373629410593905,1248.336629197344,265.564912911204,14621.995245954167,14888.306656037457,2565.6356890190236,20831.21344539337,7301.615272028357,7605.854721623473,2279.9281224910906,12992.548852346372,28.70737244676788,28.02141353570144,3.7424854929294114,43.1709498344811,28.707360258390416,26.772163109853864,56.46929272499615,32.088178652338684,56.35969209251926,,log_file/log-23.txt
24,87,1,1,192,28672,10240,0.75,flashinfer,8192,False,False,True,0.2,41,0.5,1.6,0.3,40.28453029412776,154032,32768,32768,14.985542964075519,128,3.177398347838213,3823.60173682981,813.4139770465825,4716.293433673854,4799.771929974668,267.4254230130552,4824.153112177737,207.70854672446148,188.1025144830346,90.90674895473738,351.5905741392635,17.680725046860363,18.069011827145573,1.1115026121041953,18.46628244548999,17.680712030842724,13.434805092401803,27.541208059460878,14.246008708141742,175.05934947403148,,log_file/log-24.txt
25,91,1,1,704,30720,12288,0.7,torch_native,6144,False,False,True,0.3,91,0.6,1.5,1.7,98.03342142305337,154032,32768,32765,15.601459365132838,128,1.305677167459339,1571.219261391382,334.2533548695908,11948.940943411799,12104.631616501138,451.9395507350847,12214.553420373704,277.6478777395823,250.63685001805425,96.64765925346367,418.7614244245924,45.76977672812634,46.282283108060554,1.7835915949887104,47.21236463356763,45.76976389512757,41.2070780294016,23.90782967943419,84.56508229719475,167.03360459767282,,log_file/log-25.txt
26,94,1,1,256,22528,3072,0.75,torch_native,7168,True,True,False,0.8,91,0.45,1.2,0.3,90.42826934088953,154032,32768,32768,15.558240156771577,128,1.4154865611490965,1703.3611405227941,362.3645596541687,10991.443213802995,11075.231586582959,342.83605284358964,11359.557660692371,157.53926652178052,135.5599194066599,63.405188076417446,352.1994935860858,42.485897832475345,42.78845362931344,1.323843867139491,44.02104694496694,42.485885606947704,40.745415491983294,12.009408115115367,53.22467613732442,85.84748030640185,,log_file/log-26.txt
27,100,1,1,768,22528,11264,0.85,torch_native,8192,False,True,False,0.6,100,0.15,1.9,1.4,92.14161887392402,154032,32768,32768,15.568154856042995,128,1.3891659552361508,1671.687581382303,355.6264845404546,11206.835869654242,11281.228745006956,335.79989946880096,11625.89956724085,160.57773199463554,138.43230751808733,64.86581881791466,359.14990387391305,43.318659363371005,43.55453330996063,1.3086263487555823,45.06566312198765,43.318646394590026,41.266154032200575,12.249459982864318,56.394586828537285,90.46043526846915,,log_file/log-27.txt
28,101,1,1,320,26624,12288,0.7,torch_native,4096,False,True,False,0.5,61,0.15,1.7,1.5,91.49614531197585,154032,32768,32768,15.563196489682474,128,1.398966039099859,1683.480757301793,358.1353060095639,11124.785058897032,11197.300410363823,326.8779849854242,11549.667911333965,154.4325185877824,136.41872652806342,55.681305043054095,346.1832386325115,43.02099035415392,43.2776000816375,1.2683138762345199,44.708525979608375,43.020977934807604,41.06244945432991,11.585129897244181,57.44653509464115,90.18380354857072,,log_file/log-28.txt
29,105,1,1,704,18432,11264,0.8,flashinfer,5120,False,False,False,0.1,100,0.35,1.8,1.8,33.95273864408955,154032,32768,32765,14.736294508925297,128,3.7699462579959535,4536.65907821588,965.1062420469641,3908.8871565927548,3932.945584994741,191.34027753436771,4204.992703904863,115.73812239294057,100.73857149109244,86.21697695065038,509.0909935068344,14.875094251763976,15.041113772666922,0.7190284074237342,16.065621152465397,14.875081787463653,13.013734016567469,13.802593601431118,14.364678843412548,101.17483858019116,,log_file/log-29.txt
30,106,1,1,576,16384,15360,0.95,flashinfer,6144,True,False,True,0.3,91,0.9,1.0,1.9,50.692604455165565,154032,32768,32768,14.893222770414466,128,2.525023154279003,3038.549738280495,646.4059274954247,5898.2519606506685,5491.82272143662,1500.7373985534227,8464.685001629405,2070.129819694557,1770.1949179172516,1440.3809535974694,4748.099977774546,15.012243690023967,14.770162757486105,1.1187946162300637,16.58584513480538,15.01223230577535,12.883865972980857,23.39831482092378,13.230582908727229,101.86490439344198,,log_file/log-30.txt
31,107,1,1,576,22528,11264,0.8,flashinfer,6144,True,True,True,0.2,11,0.3,1.3,0.9,40.25423576077446,154032,32768,32768,15.002200394368058,128,3.1797895943345407,3826.479303082328,814.0261361496424,4717.985246916214,4807.520957663655,281.39313683224765,4835.594001472928,210.7123584173678,188.98988561704755,90.86871129165625,353.0925255129114,17.675579954897437,18.09920349760967,1.1709841235999923,18.515110115484134,17.675567222228413,13.447688892483711,27.628372289435223,14.440741483122107,175.84991860203445,,log_file/log-31.txt
32,109,1,1,384,16384,5120,0.95,torch_native,6144,False,False,False,0.2,71,0.4,1.6,0.9,96.46083437930793,154032,32768,32765,15.176928109794847,128,1.3269634336426352,1596.8346219597063,339.7026390125146,11437.337099887372,11317.928909091279,1806.7363646423512,17589.58172195591,845.8123196942324,373.72351670637727,1467.5200726933358,6647.993538663723,41.53539129487506,42.07954259644098,4.004620451745463,51.55520197033298,41.53538006827219,39.75538909435272,28.7085274033431,54.055016906931996,91.38331777881831,,log_file/log-32.txt
33,111,1,1,512,28672,10240,0.9,torch_native,4096,True,True,True,0.7,21,0.6,1.1,0.4,97.4395316299051,154032,32768,32765,15.601243835910717,128,1.313635214156916,1580.795775836079,336.2906148241705,11876.389782930346,12023.2908425387,461.101948091594,12149.384963503107,276.8216751574073,250.57147513143718,98.0753396701811,429.7287796251476,45.48850238342329,45.998414019670555,1.82282071424846,46.95980875939131,45.488490164536735,40.90882162563503,23.909694433467138,83.86010406538844,167.287747557275,,log_file/log-33.txt
34,114,1,1,256,30720,5120,0.9,flashinfer,7168,True,True,False,0.8,100,0.5,1.4,1.2,32.46863008989021,154032,32768,32768,14.69499029486591,128,3.9422667247010055,4744.025219837073,1009.2202815234574,3727.5484692072496,3705.3563273511827,184.24902468628454,4155.996796335094,76.14284776718705,58.45924676395953,49.128748340470175,300.9572617616505,14.3192377311375,14.276903070619001,0.6660521713932973,15.856138732686057,14.319226175775482,13.026232365518808,9.183459630000145,15.890103508718314,44.76482776924968,,log_file/log-34.txt
35,119,1,1,128,26624,6144,0.75,flashinfer,6144,False,True,True,0.5,91,0.95,1.8,1.2,40.295801762957126,154032,32768,32768,14.982313927208011,128,3.1765095717159064,3822.532205863629,813.186450359272,4716.596499696607,4796.772252768278,269.0658740762768,4843.516138717532,211.99107004213147,188.9389306306839,92.8447698085662,353.4199201175943,17.665119331978335,18.054260333598243,1.1238085453041438,18.542097819603832,17.665107213186133,13.411234132945538,27.59524158171293,14.878443325869737,175.79088490922004,,log_file/log-35.txt
36,124,1,1,576,22528,6144,0.85,flashinfer,5120,True,True,True,0.0,91,0.8,1.4,1.2,40.22611238621175,154032,32768,32768,15.004067902566895,128,3.1820126879542645,3829.154518366963,814.5952481162917,4715.275950773503,4803.572498029098,280.53196694114683,4829.704957581125,212.4071158359584,188.85274277999997,92.92768078422502,352.2921370761469,17.65830915661782,18.065766911661505,1.1698302562433949,18.484310823036175,17.658295683484575,13.434424996376038,27.58972922867351,14.25727119203657,175.90334579348564,,log_file/log-36.txt
37,128,1,1,512,26624,5120,0.9,torch_native,5120,False,True,False,0.0,21,0.4,1.9,1.0,90.69573117699474,154032,32768,32768,15.557012601491124,128,1.4113122893315138,1698.3379261743105,361.2959460688675,11023.08306892155,11037.543991114944,282.31840287218733,11458.741099340841,154.84320528412354,135.59224270284176,57.20222779184338,352.97908427659434,42.620548484852655,42.67706951382114,1.0951876221550225,44.385374837975,42.620536789863586,40.668397676199675,11.512335029905577,55.672795441932976,90.31584074255079,,log_file/log-37.txt
38,129,1,1,576,32768,3072,0.95,flashinfer,8192,False,True,True,0.1,61,0.3,1.6,0.7,40.59622347727418,154032,32768,32768,14.99771216009788,128,3.1530026449789,3794.244557901484,807.1686771145984,4756.6443320247345,4845.248734811321,268.4378594487046,4859.373985361308,201.16058189159958,188.7311995960772,84.16126012277797,370.3721020044759,17.864642157384843,18.203223145146872,1.1093746526470363,18.60407651979111,17.864630403003982,13.449120568111539,28.835593657487465,14.82806405983865,175.76648664660752,,log_file/log-38.txt
39,137,1,1,896,22528,10240,0.8,flashinfer,7168,True,False,False,0.3,11,0.75,1.2,1.4,33.12623610906303,154032,32768,32768,14.732462281358341,128,3.8640067521881964,4649.849125414471,989.1857285601783,3812.7423750011076,3848.212882410735,191.93677400676413,4157.187635675073,95.514789903973,67.24181957542896,63.82654653404995,296.7592923343182,14.577363078812294,14.598397034969109,0.7256410400274751,15.995310739741898,14.577351428520428,13.070012675598264,11.678381776163432,15.068623237311833,53.12159802298993,,log_file/log-39.txt
40,139,1,1,192,8192,7168,0.8,flashinfer,6144,True,False,True,0.9,21,0.6,1.6,0.5,80.37382268439978,154032,32768,32768,14.7785323489722,128,1.5925583196734558,1916.4448679370448,407.6949298364047,9279.743269937171,9272.20246498473,1921.440382997185,12378.53828491643,6553.545027720247,6596.900842618197,2008.469898471755,9704.18390961364,10.690973498889898,10.528752647851611,0.4758199999623769,12.204374151925245,10.690955896579373,10.497180512174964,4.901756848357168,10.722348606213927,11.049599195830526,,log_file/log-40.txt
41,143,1,1,768,10240,9216,0.8,torch_native,6144,False,False,False,0.0,31,0.5,1.8,2.0,123.49881154485047,154032,32768,32768,15.23783588560205,128,1.0364472208181117,1247.2346743519952,265.3304885294366,14701.989237400994,15024.117534048855,2705.6712986214848,23160.121705913916,7263.828265113261,7712.744429707527,2299.277419794102,12679.609852051366,29.169258714853854,28.28043951178152,5.132110106048964,59.96773248368547,29.169246276561513,26.92088414914906,80.17611847543142,32.30804458726197,56.17541825864464,,log_file/log-41.txt
42,147,1,1,256,30720,5120,0.7,flashinfer,5120,False,True,False,0.9,81,0.65,1.7,1.7,32.43707548175007,154032,32768,32768,14.674574966555989,128,3.9461017400294325,4748.640181407918,1010.2020454475347,3718.7523113498173,3701.4318462461233,174.92513486653684,4165.58004624676,78.79892808341538,59.918091632425785,47.72524812145231,293.43248500488704,14.274326993201576,14.196921997320127,0.6373686870602858,15.945933131756737,14.274314023421931,13.016908895224333,9.106234045841534,14.669702388346195,45.050944653339684,,log_file/log-42.txt
43,152,1,1,128,22528,12288,0.9,torch_native,5120,True,False,True,0.2,51,0.25,1.7,0.1,101.0217449828051,154032,32768,32765,15.160963591496971,128,1.2670539399392364,1524.7410349743786,324.3658086244445,11965.523419014062,11688.467073021457,2051.1405535785343,19598.306234651245,971.4612932839373,493.9052825793624,1867.3430707107846,8452.941112378612,43.11396912051029,44.04395687320799,3.9511405654487577,45.5553658710537,43.11395858756298,39.642890682443976,29.372402495251265,50.207990733906286,166.95341012906283,,log_file/log-43.txt
44,159,1,1,576,16384,12288,0.8,torch_native,4096,False,False,True,0.1,71,0.3,2.0,0.9,109.98558916524053,154032,32768,32768,15.201539735964491,128,1.1637888288046074,1400.4743818627446,297.9299401739795,13062.111750616168,11135.644904104993,3545.512318230998,18141.38555076439,4203.396566572337,2241.750244051218,3517.6505609405986,9283.461399795488,34.74005954526992,35.2045517396547,2.1890150966035473,36.23940126696492,34.74004722750168,32.069612527266145,21.04881161178986,38.5630076052621,90.76682826504111,,log_file/log-44.txt
45,163,1,1,640,26624,13312,0.9,flashinfer,5120,False,False,False,0.9,1,0.3,1.6,0.8,32.94288352970034,154032,32768,32768,14.703396725401749,128,3.8855129328493345,4675.729125567568,994.6913108094296,3784.1584829366184,3780.221251072362,184.5589440524436,4170.699813244864,89.46231765003176,67.32123554684222,55.12807480185528,296.6190934646875,14.489004569751321,14.487444445965627,0.6854680731423414,15.987788481473485,14.48899196939059,13.02948105148971,10.721400433080671,14.638300379738212,53.716390249319375,,log_file/log-45.txt
46,165,1,1,960,10240,3072,0.85,flashinfer,7168,False,False,True,0.5,91,0.5,1.6,1.0,68.82209487073123,154032,32768,32768,14.770707280026096,128,1.8598678264650736,2238.118445672408,476.12616357505885,7941.804826044972,7898.978878511116,1478.5030284228965,9800.82689681556,4496.244368307089,4418.378637172282,1472.7266221181167,6326.139626940712,13.512001795050525,13.616956764941706,0.41923089482509107,13.917946801721758,13.511989402111652,11.841150000691414,16.512553303375167,12.083690497092903,96.5473797917366,,log_file/log-46.txt
47,172,1,1,128,12288,10240,0.75,flashinfer,6144,False,True,False,0.3,41,0.75,1.7,1.0,49.08469847775996,154032,32768,32765,14.867141339255737,128,2.607737318749064,3138.0858959496545,667.5807535997603,5701.165233309439,5445.129250409082,1100.0589629563538,7492.121080365032,2128.3381679422746,1862.9367547109723,1119.864687643839,4153.322708560154,14.011086530851626,14.008814800421105,0.8461318913312804,17.05611687252189,14.011074149582818,12.550674844533205,16.45150884974266,13.023392180912197,100.5256197694689,,log_file/log-47.txt
48,173,1,1,768,14336,7168,0.8,flashinfer,8192,True,True,False,0.1,41,0.35,1.4,1.3,40.340445743873715,154032,32768,32766,14.95523778941508,128,3.1729941908100674,3818.3018843660648,812.2865128473773,4713.288739301788,4409.235395025462,890.4044483773674,6861.724282321521,984.77287022979,613.0658644251525,860.0872841639109,3179.3285981565728,14.621630859105876,14.624961362421221,0.9708462698805991,17.708971585804495,14.621618198026566,12.756806565448642,19.206734201215966,13.62927986774593,101.31935557350516,,log_file/log-48.txt
49,177,1,1,128,22528,8192,0.95,flashinfer,5120,False,True,True,0.1,71,0.5,1.3,0.7,40.30273697618395,154032,32768,32768,14.981356212954088,128,3.175962964392192,3821.874432275454,813.0465188844012,4717.106710915687,4803.909388836473,268.1703097678766,4829.481530687772,212.60495032765903,189.4710990600288,93.13888130854751,354.78777840267867,17.66471278661972,18.0695128590599,1.1220900721671976,18.485455110029992,17.66470160494232,13.42195295728743,27.66497208110494,13.993466692045331,176.38501465786248,,log_file/log-49.txt
50,178,1,1,832,26624,15360,0.75,torch_native,5120,False,True,True,0.9,51,0.35,1.8,1.7,99.33589676162228,154032,32768,32765,15.608627217231058,128,1.2885573510969892,1550.6177023763394,329.87068188082924,12113.257670636813,12284.887492423877,460.77241474896044,12346.626273500733,279.6454826348054,252.97465338371694,97.89722175800473,423.92482557334006,46.40632230589022,46.908742040578346,1.8186838427580194,47.69234103419106,46.4063101801074,42.008409509435296,24.048954265841918,85.80998904071748,168.16196208354086,,log_file/log-50.txt
51,179,1,1,512,10240,16384,0.9,torch_native,5120,False,True,False,0.0,51,0.5,1.6,1.6,124.01842028507963,154032,32768,32768,15.09852126717102,128,1.0321047446481577,1242.0090470909768,264.2188146299284,14628.865282775223,14742.53925960511,2645.051200184588,22401.29116046708,7278.257343205041,7554.619456874207,2337.2062023469434,13182.348315501586,28.825913488510515,28.1297054351764,4.850786880923416,57.5297633053954,28.82589900106598,26.715968968346715,72.32150716600592,32.330157910473645,58.0170354479924,,log_file/log-51.txt
52,183,1,1,960,16384,12288,0.8,torch_native,7168,,,,,,,,,111.70545009197667,154032,32768,32768,15.202744565541327,128,1.145870679493316,1378.912128935269,293.3428939502889,13267.41737755583,11274.717566091567,3613.0502432445937,18449.272889317945,4266.490322414029,2248.940121848136,3587.0203772126215,9398.248997894116,35.29775315741883,35.72590857397254,2.145601264048304,36.73561783259113,35.29773975300771,32.55974315106869,21.1597478196156,40.62590340618044,91.45760916173458,,log_file/log-52.txt
53,186,1,1,448,8192,10240,0.7,,7168,,,,,,,,,87.80261441506445,154032,32768,32768,14.818634478097684,128,1.45781536065558,1754.2985596289084,373.20073232782846,10164.959759673366,10156.328173121437,2101.3376471734,13555.70107810665,7153.702968709695,7184.352626558393,2185.2187684347546,10583.770186970942,11.808850160641846,11.654724962278907,0.48176329961009245,13.34014664802189,11.80883534032938,11.62679330445826,4.897768255742779,11.874847649596632,12.28456859011203,,log_file/log-53.txt
54,187,1,1,256,28672,13312,0.85,torch_native,5120,,,,,,,,,93.09195545315742,154032,32768,32768,15.55952149542336,128,1.3749845448719553,1654.6220266852893,351.99604348722056,11316.14282753435,11362.31577466242,322.38051658974604,11748.688754132017,151.68004152656067,137.43715663440526,52.06167173559609,363.6125844018535,43.78220700395212,43.96187929600916,1.2565126906039161,45.54256398464535,43.78219559961615,42.05992445349693,10.798197116887602,55.306104477494955,87.69430225715041,,log_file/log-54.txt
55,189,1,1,512,8192,15360,,,5120,,,,,,,,,68.9153554001823,154032,32768,32768,14.869604797397153,128,1.8573509380706377,2235.0896851007537,475.48184014608324,8005.8132755693805,8329.572320682928,1579.4279631725628,11718.870217013176,4938.344960992254,5125.754458131269,1494.4667064614755,6504.051495781168,12.029287508145595,11.55055542385169,2.9056028424399303,28.039351260691298,12.029269876588575,10.600777342915535,49.60218717860192,10.85082704667002,16.73650513868779,,
56,failed-20359,1,1,832,24576,11264,0.75,torch_native,13312,True,False,False,0.5,91,0.65,1.8,0.9,,,,,,0,,,,,,,,,,,,,,,,,,,,,,log_file/log-56.txt
57,failed-20467,1,1,64,32768,6144,0.85,flashinfer,9216,False,True,True,0.7,31,0.35,1.4,0.1,,,,,,0,,,,,,,,,,,,,,,,,,,,,,log_file/log-57.txt
58,failed-20575,1,1,256,10240,11264,0.85,flashinfer,14336,True,True,True,0.2,1,0.35,1.3,0.1,,,,,,0,,,,,,,,,,,,,,,,,,,,,,log_file/log-58.txt
59,failed-20683,1,1,448,16384,8192,0.7,torch_native,16384,False,False,True,0.6,31,0.6,1.1,1.0,,,,,,0,,,,,,,,,,,,,,,,,,,,,,log_file/log-59.txt
60,failed-20791,1,1,640,10240,4096,0.75,torch_native,10240,False,True,False,0.8,61,0.85,1.7,0.1,,,,,,0,,,,,,,,,,,,,,,,,,,,,,log_file/log-60.txt
61,failed-20899,1,1,768,22528,5120,0.85,torch_native,14336,False,False,False,0.5,11,0.6,1.3,1.0,,,,,,0,,,,,,,,,,,,,,,,,,,,,,log_file/log-61.txt
62,failed-21007,1,1,960,28672,9216,0.8,flashinfer,9216,True,True,True,0.8,61,0.5,1.6,0.7,,,,,,0,,,,,,,,,,,,,,,,,,,,,,log_file/log-62.txt
63,failed-21115,1,1,384,8192,12288,0.75,torch_native,10240,True,True,True,0.1,21,0.8,1.9,2.0,,,,,,0,,,,,,,,,,,,,,,,,,,,,,log_file/log-63.txt
64,failed-21223,1,1,64,12288,10240,0.75,torch_native,14336,True,False,False,0.4,61,0.25,1.1,1.3,,,,,,0,,,,,,,,,,,,,,,,,,,,,,log_file/log-64.txt
65,failed-21331,1,1,576,24576,12288,0.75,torch_native,13312,True,True,False,0.4,51,0.55,1.3,0.5,,,,,,0,,,,,,,,,,,,,,,,,,,,,,log_file/log-65.txt
66,failed-21439,1,1,320,8192,16384,0.7,torch_native,10240,False,True,True,0.5,11,0.2,1.0,1.1,,,,,,0,,,,,,,,,,,,,,,,,,,,,,log_file/log-66.txt
67,failed-21547,1,1,960,22528,10240,0.75,flashinfer,15360,True,True,False,0.2,71,0.2,1.1,0.8,,,,,,0,,,,,,,,,,,,,,,,,,,,,,log_file/log-67.txt
68,failed-21655,1,1,256,18432,9216,0.85,flashinfer,12288,False,True,False,0.9,1,0.25,1.7,0.6,,,,,,0,,,,,,,,,,,,,,,,,,,,,,log_file/log-68.txt
69,failed-21763,1,1,832,20480,5120,0.85,torch_native,15360,True,False,False,0.5,11,0.2,1.6,0.3,,,,,,0,,,,,,,,,,,,,,,,,,,,,,log_file/log-69.txt
70,failed-21871,1,1,384,14336,9216,0.85,torch_native,12288,False,True,False,1.0,81,0.5,1.6,0.4,,,,,,0,,,,,,,,,,,,,,,,,,,,,,log_file/log-70.txt
71,failed-21979,1,1,768,8192,5120,0.85,flashinfer,11264,False,True,True,0.3,51,0.65,1.1,1.6,,,,,,0,,,,,,,,,,,,,,,,,,,,,,log_file/log-71.txt
72,failed-22087,1,1,896,10240,8192,0.75,flashinfer,15360,False,True,False,0.7,71,0.9,1.9,1.2,,,,,,0,,,,,,,,,,,,,,,,,,,,,,log_file/log-72.txt
73,failed-22195,1,1,768,24576,8192,0.9,torch_native,14336,True,True,True,0.7,51,0.1,1.4,0.9,,,,,,0,,,,,,,,,,,,,,,,,,,,,,log_file/log-73.txt
74,failed-22303,1,1,320,32768,4096,0.75,torch_native,14336,True,False,True,0.6,51,0.75,1.4,0.5,,,,,,0,,,,,,,,,,,,,,,,,,,,,,log_file/log-74.txt
75,failed-22411,1,1,512,24576,11264,0.8,flashinfer,15360,False,False,True,0.1,81,0.9,1.3,1.5,,,,,,0,,,,,,,,,,,,,,,,,,,,,,log_file/log-75.txt
76,failed-22519,1,1,256,32768,9216,0.7,flashinfer,12288,True,False,False,0.7,81,0.3,1.8,0.1,,,,,,0,,,,,,,,,,,,,,,,,,,,,,log_file/log-76.txt
77,failed-22627,1,1,1024,24576,6144,0.9,torch_native,13312,True,False,False,0.8,71,0.65,1.0,2.0,,,,,,0,,,,,,,,,,,,,,,,,,,,,,log_file/log-77.txt
78,failed-22735,1,1,768,14336,15360,0.95,torch_native,13312,False,True,False,0.7,61,0.25,1.8,1.4,,,,,,0,,,,,,,,,,,,,,,,,,,,,,log_file/log-78.txt
79,failed-22843,1,1,256,22528,10240,0.9,torch_native,13312,False,False,True,0.5,81,0.4,1.3,1.0,,,,,,0,,,,,,,,,,,,,,,,,,,,,,log_file/log-79.txt
80,failed-22951,1,1,128,30720,3072,0.8,flashinfer,11264,True,True,False,0.8,91,0.7,1.0,0.6,,,,,,0,,,,,,,,,,,,,,,,,,,,,,log_file/log-80.txt
81,failed-23059,1,1,128,14336,7168,0.75,torch_native,9216,False,False,False,0.7,11,0.85,1.3,0.6,,,,,,0,,,,,,,,,,,,,,,,,,,,,,log_file/log-81.txt
82,failed-23167,1,1,832,24576,11264,0.75,torch_native,13312,True,False,False,0.5,91,0.65,1.8,0.9,,,,,,0,,,,,,,,,,,,,,,,,,,,,,log_file/log-82.txt
83,failed-23275,1,1,64,32768,6144,0.85,flashinfer,9216,False,True,True,0.7,31,0.35,1.4,0.1,,,,,,0,,,,,,,,,,,,,,,,,,,,,,log_file/log-83.txt
84,failed-23383,1,1,256,10240,11264,0.85,flashinfer,14336,True,True,True,0.2,1,0.35,1.3,0.1,,,,,,0,,,,,,,,,,,,,,,,,,,,,,log_file/log-84.txt
85,failed-23491,1,1,448,16384,8192,0.7,torch_native,16384,False,False,True,0.6,31,0.6,1.1,1.0,,,,,,0,,,,,,,,,,,,,,,,,,,,,,log_file/log-85.txt
86,failed-23599,1,1,640,10240,4096,0.75,torch_native,10240,False,True,False,0.8,61,0.85,1.7,0.1,,,,,,0,,,,,,,,,,,,,,,,,,,,,,log_file/log-86.txt
87,failed-23707,1,1,768,22528,5120,0.85,torch_native,14336,False,False,False,0.5,11,0.6,1.3,1.0,,,,,,0,,,,,,,,,,,,,,,,,,,,,,log_file/log-87.txt
88,failed-23815,1,1,960,28672,9216,0.8,flashinfer,9216,True,True,True,0.8,61,0.5,1.6,0.7,,,,,,0,,,,,,,,,,,,,,,,,,,,,,log_file/log-88.txt
89,failed-23923,1,1,384,8192,12288,0.75,torch_native,10240,True,True,True,0.1,21,0.8,1.9,2.0,,,,,,0,,,,,,,,,,,,,,,,,,,,,,log_file/log-89.txt
90,failed-24031,1,1,64,12288,10240,0.75,torch_native,14336,True,False,False,0.4,61,0.25,1.1,1.3,,,,,,0,,,,,,,,,,,,,,,,,,,,,,log_file/log-90.txt
91,failed-24139,1,1,576,24576,12288,0.75,torch_native,13312,True,True,False,0.4,51,0.55,1.3,0.5,,,,,,0,,,,,,,,,,,,,,,,,,,,,,log_file/log-91.txt
92,failed-24247,1,1,320,8192,16384,0.7,torch_native,10240,False,True,True,0.5,11,0.2,1.0,1.1,,,,,,0,,,,,,,,,,,,,,,,,,,,,,log_file/log-92.txt
93,failed-24355,1,1,960,22528,10240,0.75,flashinfer,15360,True,True,False,0.2,71,0.2,1.1,0.8,,,,,,0,,,,,,,,,,,,,,,,,,,,,,log_file/log-93.txt
94,failed-24463,1,1,256,18432,9216,0.85,flashinfer,12288,False,True,False,0.9,1,0.25,1.7,0.6,,,,,,0,,,,,,,,,,,,,,,,,,,,,,log_file/log-94.txt
95,failed-24571,1,1,832,20480,5120,0.85,torch_native,15360,True,False,False,0.5,11,0.2,1.6,0.3,,,,,,0,,,,,,,,,,,,,,,,,,,,,,log_file/log-95.txt
96,failed-24679,1,1,384,14336,9216,0.85,torch_native,12288,False,True,False,1.0,81,0.5,1.6,0.4,,,,,,0,,,,,,,,,,,,,,,,,,,,,,log_file/log-96.txt
97,failed-24787,1,1,768,8192,5120,0.85,flashinfer,11264,False,True,True,0.3,51,0.65,1.1,1.6,,,,,,0,,,,,,,,,,,,,,,,,,,,,,log_file/log-97.txt
98,failed-24895,1,1,896,10240,8192,0.75,flashinfer,15360,False,True,False,0.7,71,0.9,1.9,1.2,,,,,,0,,,,,,,,,,,,,,,,,,,,,,log_file/log-98.txt
99,failed-25003,1,1,768,24576,8192,0.9,torch_native,14336,True,True,True,0.7,51,0.1,1.4,0.9,,,,,,0,,,,,,,,,,,,,,,,,,,,,,log_file/log-99.txt
100,failed-25111,1,1,320,32768,4096,0.75,torch_native,14336,True,False,True,0.6,51,0.75,1.4,0.5,,,,,,0,,,,,,,,,,,,,,,,,,,,,,log_file/log-100.txt
101,failed-25219,1,1,512,24576,11264,0.8,flashinfer,15360,False,False,True,0.1,81,0.9,1.3,1.5,,,,,,0,,,,,,,,,,,,,,,,,,,,,,log_file/log-101.txt
102,failed-25327,1,1,256,32768,9216,0.7,flashinfer,12288,True,False,False,0.7,81,0.3,1.8,0.1,,,,,,0,,,,,,,,,,,,,,,,,,,,,,log_file/log-102.txt
103,failed-25435,1,1,1024,24576,6144,0.9,torch_native,13312,True,False,False,0.8,71,0.65,1.0,2.0,,,,,,0,,,,,,,,,,,,,,,,,,,,,,log_file/log-103.txt
104,failed-25543,1,1,768,14336,15360,0.95,torch_native,13312,False,True,False,0.7,61,0.25,1.8,1.4,,,,,,0,,,,,,,,,,,,,,,,,,,,,,log_file/log-104.txt
105,failed-25651,1,1,256,22528,10240,0.9,torch_native,13312,False,False,True,0.5,81,0.4,1.3,1.0,,,,,,0,,,,,,,,,,,,,,,,,,,,,,log_file/log-105.txt
106,failed-25759,1,1,128,30720,3072,0.8,flashinfer,11264,True,True,False,0.8,91,0.7,1.0,0.6,,,,,,0,,,,,,,,,,,,,,,,,,,,,,log_file/log-106.txt
107,failed-25867,1,1,128,14336,7168,0.75,torch_native,9216,False,False,False,0.7,11,0.85,1.3,0.6,,,,,,0,,,,,,,,,,,,,,,,,,,,,,log_file/log-107.txt
108,failed-25975,1,1,704,12288,12288,0.8,flashinfer,10240,True,False,True,1.0,21,0.3,1.8,1.2,,,,,,0,,,,,,,,,,,,,,,,,,,,,,log_file/log-108.txt
109,failed-26083,1,1,512,10240,14336,0.75,torch_native,11264,True,False,False,0.4,51,1.0,1.5,1.1,,,,,,0,,,,,,,,,,,,,,,,,,,,,,log_file/log-109.txt
110,failed-26191,1,1,128,30720,9216,0.9,flashinfer,15360,False,False,False,0.1,71,0.9,1.9,0.6,,,,,,0,,,,,,,,,,,,,,,,,,,,,,log_file/log-110.txt
111,failed-26299,1,1,576,14336,10240,0.85,flashinfer,14336,True,False,True,0.6,91,0.2,1.9,0.5,,,,,,0,,,,,,,,,,,,,,,,,,,,,,log_file/log-111.txt
112,failed-26407,1,1,576,28672,14336,0.75,torch_native,11264,True,True,False,0.6,31,0.2,1.3,0.1,,,,,,0,,,,,,,,,,,,,,,,,,,,,,log_file/log-112.txt
113,failed-26515,1,1,576,26624,13312,0.8,flashinfer,14336,True,True,False,0.4,31,0.65,1.9,1.5,,,,,,0,,,,,,,,,,,,,,,,,,,,,,log_file/log-113.txt
114,failed-26623,1,1,640,28672,14336,0.8,torch_native,13312,True,True,True,0.8,21,0.65,1.1,0.0,,,,,,0,,,,,,,,,,,,,,,,,,,,,,log_file/log-114.txt
115,failed-26731,1,1,384,12288,16384,0.9,torch_native,14336,False,False,False,0.6,61,0.5,1.7,1.7,,,,,,0,,,,,,,,,,,,,,,,,,,,,,log_file/log-115.txt
116,failed-26839,1,1,832,20480,12288,0.75,torch_native,10240,False,True,False,0.4,81,0.55,1.0,0.9,,,,,,0,,,,,,,,,,,,,,,,,,,,,,log_file/log-116.txt
117,failed-26947,1,1,384,16384,15360,0.9,flashinfer,15360,False,True,False,0.2,91,0.15,2.0,1.0,,,,,,0,,,,,,,,,,,,,,,,,,,,,,log_file/log-117.txt
118,failed-27055,1,1,384,14336,10240,0.8,flashinfer,15360,True,False,True,0.7,71,0.4,1.9,1.9,,,,,,0,,,,,,,,,,,,,,,,,,,,,,log_file/log-118.txt
119,failed-27163,1,1,512,30720,4096,0.9,flashinfer,11264,False,True,True,0.3,41,0.65,1.3,1.5,,,,,,0,,,,,,,,,,,,,,,,,,,,,,log_file/log-119.txt
120,failed-27271,1,1,192,18432,3072,0.8,flashinfer,12288,True,False,True,0.8,51,0.3,2.0,0.2,,,,,,0,,,,,,,,,,,,,,,,,,,,,,log_file/log-120.txt
121,failed-27379,1,1,384,10240,14336,0.9,torch_native,11264,True,False,True,0.5,31,0.65,1.1,0.6,,,,,,0,,,,,,,,,,,,,,,,,,,,,,log_file/log-121.txt
122,failed-27487,1,1,896,18432,11264,0.9,flashinfer,12288,False,True,True,0.0,51,0.85,1.1,1.3,,,,,,0,,,,,,,,,,,,,,,,,,,,,,log_file/log-122.txt
123,failed-27595,1,1,256,26624,3072,0.75,flashinfer,15360,True,True,True,0.9,11,0.8,2.0,0.1,,,,,,0,,,,,,,,,,,,,,,,,,,,,,log_file/log-123.txt
124,failed-27703,1,1,768,28672,13312,0.8,flashinfer,11264,False,True,True,0.5,21,0.75,1.6,1.7,,,,,,0,,,,,,,,,,,,,,,,,,,,,,log_file/log-124.txt
125,failed-27811,1,1,832,10240,11264,0.9,torch_native,12288,True,False,False,0.8,100,0.55,1.4,0.8,,,,,,0,,,,,,,,,,,,,,,,,,,,,,log_file/log-125.txt
126,failed-27919,1,1,1024,14336,13312,0.95,torch_native,13312,False,False,False,0.6,21,1.0,1.1,0.9,,,,,,0,,,,,,,,,,,,,,,,,,,,,,log_file/log-126.txt
127,failed-28027,1,1,768,12288,13312,0.8,torch_native,9216,False,False,True,0.5,41,0.25,1.0,0.9,,,,,,0,,,,,,,,,,,,,,,,,,,,,,log_file/log-127.txt
128,failed-28135,1,1,768,16384,13312,0.7,flashinfer,9216,True,False,True,0.5,41,0.3,1.9,1.4,,,,,,0,,,,,,,,,,,,,,,,,,,,,,log_file/log-128.txt
129,failed-28243,1,1,704,16384,13312,0.7,flashinfer,12288,False,False,True,0.8,31,0.8,1.7,0.2,,,,,,0,,,,,,,,,,,,,,,,,,,,,,log_file/log-129.txt
130,failed-28351,1,1,576,26624,4096,0.75,flashinfer,10240,True,True,True,0.3,91,0.9,1.6,1.3,,,,,,0,,,,,,,,,,,,,,,,,,,,,,log_file/log-130.txt
131,failed-28459,1,1,1024,14336,8192,0.9,torch_native,10240,False,True,False,0.8,71,0.4,2.0,0.6,,,,,,0,,,,,,,,,,,,,,,,,,,,,,log_file/log-131.txt
132,failed-28567,1,1,768,10240,15360,0.75,flashinfer,11264,True,True,False,0.6,100,0.95,2.0,1.3,,,,,,0,,,,,,,,,,,,,,,,,,,,,,log_file/log-132.txt
133,failed-28675,1,1,704,14336,5120,0.75,torch_native,13312,False,True,False,0.3,21,0.1,1.0,0.9,,,,,,0,,,,,,,,,,,,,,,,,,,,,,log_file/log-133.txt
134,failed-28783,1,1,128,22528,3072,0.8,torch_native,10240,True,True,False,0.5,81,0.85,1.3,0.7,,,,,,0,,,,,,,,,,,,,,,,,,,,,,log_file/log-134.txt
135,failed-28891,1,1,256,18432,15360,0.95,torch_native,12288,True,True,True,0.4,31,0.45,1.5,0.6,,,,,,0,,,,,,,,,,,,,,,,,,,,,,log_file/log-135.txt
136,failed-28999,1,1,448,28672,5120,0.95,torch_native,15360,False,False,True,0.1,51,0.65,1.0,1.4,,,,,,0,,,,,,,,,,,,,,,,,,,,,,log_file/log-136.txt
137,failed-29107,1,1,960,16384,3072,0.8,flashinfer,15360,False,False,True,0.0,31,0.9,1.8,0.7,,,,,,0,,,,,,,,,,,,,,,,,,,,,,log_file/log-137.txt
138,failed-29215,1,1,832,24576,2048,0.9,flashinfer,14336,False,False,False,1.0,41,0.5,1.8,1.0,,,,,,0,,,,,,,,,,,,,,,,,,,,,,log_file/log-138.txt
139,failed-29323,1,1,512,16384,5120,0.75,flashinfer,14336,True,True,True,0.5,91,0.2,1.6,0.7,,,,,,0,,,,,,,,,,,,,,,,,,,,,,log_file/log-139.txt
140,failed-29431,1,1,832,14336,2048,0.7,flashinfer,13312,True,False,False,0.9,61,0.95,1.6,0.1,,,,,,0,,,,,,,,,,,,,,,,,,,,,,log_file/log-140.txt
141,failed-29539,1,1,704,12288,9216,0.8,flashinfer,9216,True,True,True,0.8,41,0.45,1.3,1.4,,,,,,0,,,,,,,,,,,,,,,,,,,,,,log_file/log-141.txt
142,failed-29647,1,1,128,16384,12288,0.75,flashinfer,14336,True,True,True,0.1,41,0.25,1.0,1.5,,,,,,0,,,,,,,,,,,,,,,,,,,,,,log_file/log-142.txt
143,failed-29755,1,1,640,16384,12288,0.9,flashinfer,15360,False,True,False,0.8,31,0.65,1.7,0.2,,,,,,0,,,,,,,,,,,,,,,,,,,,,,log_file/log-143.txt
144,failed-29863,1,1,768,18432,13312,0.85,flashinfer,12288,True,True,False,0.3,41,0.55,1.8,1.9,,,,,,0,,,,,,,,,,,,,,,,,,,,,,log_file/log-144.txt
145,failed-29971,1,1,768,22528,11264,0.7,torch_native,15360,True,True,False,0.9,21,0.85,1.6,0.7,,,,,,0,,,,,,,,,,,,,,,,,,,,,,log_file/log-145.txt
146,failed-30079,1,1,640,16384,3072,0.85,flashinfer,9216,True,True,False,0.8,21,0.95,2.0,0.3,,,,,,0,,,,,,,,,,,,,,,,,,,,,,log_file/log-146.txt
147,failed-30187,1,1,256,28672,7168,0.85,flashinfer,10240,False,False,True,0.4,1,0.8,1.1,1.6,,,,,,0,,,,,,,,,,,,,,,,,,,,,,log_file/log-147.txt
148,failed-30295,1,1,192,30720,9216,0.9,flashinfer,12288,True,False,False,0.1,21,0.3,1.6,0.2,,,,,,0,,,,,,,,,,,,,,,,,,,,,,log_file/log-148.txt
149,failed-30403,1,1,896,32768,10240,0.9,torch_native,16384,False,False,False,0.9,91,0.95,1.3,0.9,,,,,,0,,,,,,,,,,,,,,,,,,,,,,log_file/log-149.txt
150,failed-30511,1,1,512,8192,12288,0.9,torch_native,13312,True,False,False,0.2,81,0.5,1.3,0.3,,,,,,0,,,,,,,,,,,,,,,,,,,,,,log_file/log-150.txt
151,failed-30619,1,1,448,16384,15360,0.95,flashinfer,13312,False,True,False,0.9,11,0.75,1.6,0.1,,,,,,0,,,,,,,,,,,,,,,,,,,,,,log_file/log-151.txt
152,failed-30727,1,1,1024,12288,10240,0.85,torch_native,12288,True,False,False,0.5,61,0.6,2.0,0.4,,,,,,0,,,,,,,,,,,,,,,,,,,,,,log_file/log-152.txt
153,failed-30835,1,1,832,20480,12288,0.85,torch_native,13312,False,True,False,0.2,21,0.15,1.9,1.5,,,,,,0,,,,,,,,,,,,,,,,,,,,,,log_file/log-153.txt
154,failed-30943,1,1,320,30720,14336,0.9,torch_native,9216,False,False,True,0.9,1,0.9,1.3,1.1,,,,,,0,,,,,,,,,,,,,,,,,,,,,,log_file/log-154.txt
155,failed-31051,1,1,192,22528,4096,0.85,torch_native,13312,False,True,True,0.5,21,0.25,1.7,1.3,,,,,,0,,,,,,,,,,,,,,,,,,,,,,log_file/log-155.txt
156,failed-31159,1,1,576,14336,8192,0.9,flashinfer,11264,False,False,False,0.1,41,0.95,1.3,1.2,,,,,,0,,,,,,,,,,,,,,,,,,,,,,log_file/log-156.txt
157,failed-31267,1,1,576,8192,13312,0.85,torch_native,9216,False,False,False,0.2,71,0.3,1.3,0.1,,,,,,0,,,,,,,,,,,,,,,,,,,,,,log_file/log-157.txt
158,failed-31375,1,1,448,28672,9216,0.75,flashinfer,9216,True,True,False,0.3,11,0.95,1.0,0.2,,,,,,0,,,,,,,,,,,,,,,,,,,,,,log_file/log-158.txt
159,failed-31483,1,1,384,10240,6144,0.75,flashinfer,10240,False,True,True,0.3,11,0.15,1.6,1.4,,,,,,0,,,,,,,,,,,,,,,,,,,,,,log_file/log-159.txt
160,failed-31591,1,1,256,14336,6144,0.8,torch_native,15360,False,True,False,0.1,51,0.55,1.5,0.7,,,,,,0,,,,,,,,,,,,,,,,,,,,,,log_file/log-160.txt
161,failed-31699,1,1,704,28672,10240,0.95,flashinfer,10240,True,True,True,0.5,91,0.2,1.3,1.5,,,,,,0,,,,,,,,,,,,,,,,,,,,,,log_file/log-161.txt
162,failed-31807,1,1,384,10240,6144,0.8,flashinfer,10240,False,True,True,0.5,21,0.85,1.5,1.1,,,,,,0,,,,,,,,,,,,,,,,,,,,,,log_file/log-162.txt
163,failed-31915,1,1,640,14336,11264,0.9,torch_native,16384,True,False,True,0.7,11,0.4,1.8,0.9,,,,,,0,,,,,,,,,,,,,,,,,,,,,,log_file/log-163.txt
164,failed-32023,1,1,128,14336,5120,0.95,torch_native,11264,False,False,False,0.5,51,1.0,1.9,0.1,,,,,,0,,,,,,,,,,,,,,,,,,,,,,log_file/log-164.txt
165,failed-32131,1,1,256,30720,9216,0.85,flashinfer,10240,True,False,True,0.6,71,0.35,1.5,0.6,,,,,,0,,,,,,,,,,,,,,,,,,,,,,log_file/log-165.txt
166,failed-32239,1,1,384,18432,4096,0.9,torch_native,14336,True,False,False,0.0,41,0.15,1.2,1.1,,,,,,0,,,,,,,,,,,,,,,,,,,,,,log_file/log-166.txt
167,failed-32347,1,1,768,16384,3072,0.8,flashinfer,9216,False,False,False,1.0,61,0.2,1.5,0.4,,,,,,0,,,,,,,,,,,,,,,,,,,,,,log_file/log-167.txt
168,failed-32455,1,1,832,12288,7168,0.85,torch_native,13312,False,True,False,0.3,61,0.7,1.2,0.7,,,,,,0,,,,,,,,,,,,,,,,,,,,,,log_file/log-168.txt
169,failed-32563,1,1,512,8192,14336,0.85,torch_native,14336,True,False,False,0.2,31,0.25,1.3,1.5,,,,,,0,,,,,,,,,,,,,,,,,,,,,,log_file/log-169.txt
170,failed-32671,1,1,320,12288,9216,0.7,flashinfer,10240,True,False,True,0.1,1,0.35,1.1,0.4,,,,,,0,,,,,,,,,,,,,,,,,,,,,,log_file/log-170.txt
171,failed-32779,1,1,704,22528,15360,0.95,torch_native,15360,True,True,True,0.7,31,0.2,2.0,1.8,,,,,,0,,,,,,,,,,,,,,,,,,,,,,log_file/log-171.txt
172,failed-32887,1,1,512,10240,9216,0.75,flashinfer,10240,True,True,True,0.9,21,0.4,1.5,1.9,,,,,,0,,,,,,,,,,,,,,,,,,,,,,log_file/log-172.txt
173,failed-32995,1,1,64,30720,14336,0.8,torch_native,9216,False,False,False,0.2,31,0.6,1.1,1.2,,,,,,0,,,,,,,,,,,,,,,,,,,,,,log_file/log-173.txt
174,failed-33103,1,1,192,30720,3072,0.85,torch_native,11264,True,False,False,0.5,71,0.7,1.2,1.3,,,,,,0,,,,,,,,,,,,,,,,,,,,,,log_file/log-174.txt
175,failed-33211,1,1,704,30720,5120,0.95,flashinfer,11264,True,False,True,0.3,21,0.7,1.6,1.7,,,,,,0,,,,,,,,,,,,,,,,,,,,,,log_file/log-175.txt
176,failed-33319,1,1,256,16384,7168,0.7,torch_native,15360,True,True,True,0.4,91,0.55,1.1,0.5,,,,,,0,,,,,,,,,,,,,,,,,,,,,,log_file/log-176.txt
177,failed-33427,1,1,704,10240,10240,0.8,flashinfer,15360,True,False,False,0.4,61,0.2,1.9,0.9,,,,,,0,,,,,,,,,,,,,,,,,,,,,,log_file/log-177.txt
178,failed-33535,1,1,576,16384,14336,0.9,torch_native,14336,False,True,True,0.7,31,0.1,1.0,0.3,,,,,,0,,,,,,,,,,,,,,,,,,,,,,log_file/log-178.txt
179,failed-33643,1,1,704,28672,10240,0.9,flashinfer,15360,True,False,True,1.0,51,0.75,1.5,1.2,,,,,,0,,,,,,,,,,,,,,,,,,,,,,log_file/log-179.txt
180,failed-33751,1,1,128,10240,2048,0.85,torch_native,9216,True,False,False,0.6,71,0.45,2.0,1.7,,,,,,0,,,,,,,,,,,,,,,,,,,,,,log_file/log-180.txt
181,failed-33859,1,1,128,12288,10240,0.95,flashinfer,16384,True,True,False,0.1,61,0.85,1.6,1.5,,,,,,0,,,,,,,,,,,,,,,,,,,,,,log_file/log-181.txt
182,failed-33967,1,1,448,12288,14336,0.75,flashinfer,11264,False,False,True,0.2,1,0.75,1.3,1.8,,,,,,0,,,,,,,,,,,,,,,,,,,,,,log_file/log-182.txt
183,failed-34075,1,1,832,10240,14336,0.9,flashinfer,15360,True,True,True,0.8,71,0.7,1.1,1.0,,,,,,0,,,,,,,,,,,,,,,,,,,,,,log_file/log-183.txt
184,failed-34183,1,1,768,12288,3072,0.8,torch_native,9216,False,True,False,0.9,21,0.5,1.3,1.6,,,,,,0,,,,,,,,,,,,,,,,,,,,,,log_file/log-184.txt
185,failed-34291,1,1,320,28672,4096,0.75,torch_native,14336,True,False,True,0.7,100,0.4,1.5,1.7,,,,,,0,,,,,,,,,,,,,,,,,,,,,,log_file/log-185.txt
186,failed-34399,1,1,640,10240,14336,0.9,flashinfer,13312,False,False,True,0.4,51,0.8,1.8,1.8,,,,,,0,,,,,,,,,,,,,,,,,,,,,,log_file/log-186.txt
187,failed-34507,1,1,128,20480,7168,0.75,torch_native,11264,False,True,False,0.7,41,0.2,1.6,1.1,,,,,,0,,,,,,,,,,,,,,,,,,,,,,log_file/log-187.txt
188,failed-34615,1,1,384,28672,8192,0.85,torch_native,10240,False,False,False,0.4,21,0.55,1.3,1.2,,,,,,0,,,,,,,,,,,,,,,,,,,,,,log_file/log-188.txt
189,failed-34723,1,1,512,10240,7168,0.85,torch_native,14336,False,False,False,0.3,11,0.85,1.7,1.7,,,,,,0,,,,,,,,,,,,,,,,,,,,,,log_file/log-189.txt
190,failed-34831,1,1,896,26624,11264,0.9,flashinfer,10240,True,False,True,0.7,41,0.45,1.8,1.7,,,,,,0,,,,,,,,,,,,,,,,,,,,,,log_file/log-190.txt
191,failed-34939,1,1,384,12288,16384,0.85,flashinfer,13312,False,False,False,0.4,31,1.0,1.7,0.5,,,,,,0,,,,,,,,,,,,,,,,,,,,,,log_file/log-191.txt
192,failed-35047,1,1,768,24576,9216,0.75,flashinfer,9216,True,True,True,0.1,11,0.6,1.8,1.1,,,,,,0,,,,,,,,,,,,,,,,,,,,,,log_file/log-192.txt
193,failed-35155,1,1,320,22528,9216,0.9,flashinfer,13312,False,True,False,0.8,100,0.6,1.1,1.8,,,,,,0,,,,,,,,,,,,,,,,,,,,,,log_file/log-193.txt
194,failed-35263,1,1,576,30720,14336,0.85,flashinfer,12288,False,True,False,0.7,51,0.7,1.3,0.8,,,,,,0,,,,,,,,,,,,,,,,,,,,,,log_file/log-194.txt
195,failed-35371,1,1,704,10240,6144,0.9,flashinfer,16384,True,False,True,0.5,81,0.15,1.0,1.1,,,,,,0,,,,,,,,,,,,,,,,,,,,,,log_file/log-195.txt
196,failed-35479,1,1,640,14336,14336,0.8,torch_native,10240,True,True,True,0.2,11,0.2,1.8,1.5,,,,,,0,,,,,,,,,,,,,,,,,,,,,,log_file/log-196.txt
197,failed-35587,1,1,1024,22528,13312,0.9,torch_native,13312,True,True,True,0.8,21,1.0,1.8,0.9,,,,,,0,,,,,,,,,,,,,,,,,,,,,,log_file/log-197.txt
198,failed-35695,1,1,1024,20480,6144,0.9,flashinfer,11264,False,True,False,0.1,11,0.85,1.3,1.8,,,,,,0,,,,,,,,,,,,,,,,,,,,,,log_file/log-198.txt
199,failed-35803,1,1,512,30720,8192,0.75,flashinfer,16384,False,True,False,0.0,91,0.15,1.1,1.3,,,,,,0,,,,,,,,,,,,,,,,,,,,,,log_file/log-199.txt
200,failed-35911,1,1,832,16384,5120,0.9,torch_native,14336,False,True,True,0.8,31,0.75,1.3,1.2,,,,,,0,,,,,,,,,,,,,,,,,,,,,,log_file/log-200.txt
201,failed-36019,1,1,576,26624,12288,0.85,flashinfer,13312,True,False,True,0.9,11,0.15,1.6,0.9,,,,,,0,,,,,,,,,,,,,,,,,,,,,,log_file/log-201.txt
202,failed-36127,1,1,256,20480,6144,0.9,flashinfer,15360,False,True,False,0.2,1,0.3,1.6,0.3,,,,,,0,,,,,,,,,,,,,,,,,,,,,,log_file/log-202.txt
203,failed-36235,1,1,384,28672,10240,0.85,torch_native,10240,False,True,False,0.7,41,0.8,1.1,1.1,,,,,,0,,,,,,,,,,,,,,,,,,,,,,log_file/log-203.txt
204,failed-36343,1,1,832,24576,5120,0.9,torch_native,9216,True,False,False,0.3,51,0.65,1.6,0.7,,,,,,0,,,,,,,,,,,,,,,,,,,,,,log_file/log-204.txt
205,failed-36451,1,1,448,30720,9216,0.95,torch_native,14336,False,False,False,0.0,41,0.75,1.2,0.2,,,,,,0,,,,,,,,,,,,,,,,,,,,,,log_file/log-205.txt
206,failed-36559,1,1,192,26624,3072,0.8,flashinfer,12288,False,True,True,0.5,100,0.95,2.0,0.5,,,,,,0,,,,,,,,,,,,,,,,,,,,,,log_file/log-206.txt
207,failed-36667,1,1,896,8192,9216,0.75,torch_native,10240,False,False,True,0.9,21,0.8,1.1,0.7,,,,,,0,,,,,,,,,,,,,,,,,,,,,,log_file/log-207.txt
208,failed-36775,1,1,256,16384,7168,0.9,flashinfer,13312,False,True,True,1.0,11,0.8,1.1,1.4,,,,,,0,,,,,,,,,,,,,,,,,,,,,,log_file/log-208.txt
209,failed-36883,1,1,128,22528,3072,0.85,flashinfer,15360,False,True,True,0.5,61,0.85,1.7,0.8,,,,,,0,,,,,,,,,,,,,,,,,,,,,,log_file/log-209.txt
210,failed-36991,1,1,832,24576,11264,0.75,torch_native,13312,True,False,False,0.5,91,0.65,1.8,0.9,,,,,,0,,,,,,,,,,,,,,,,,,,,,,log_file/log-210.txt
211,failed-37099,1,1,64,32768,6144,0.85,flashinfer,9216,False,True,True,0.7,31,0.35,1.4,0.1,,,,,,0,,,,,,,,,,,,,,,,,,,,,,log_file/log-211.txt
212,failed-37207,1,1,256,10240,11264,0.85,flashinfer,14336,True,True,True,0.2,1,0.35,1.3,0.1,,,,,,0,,,,,,,,,,,,,,,,,,,,,,log_file/log-212.txt
213,failed-37315,1,1,448,16384,8192,0.7,torch_native,16384,False,False,True,0.6,31,0.6,1.1,1.0,,,,,,0,,,,,,,,,,,,,,,,,,,,,,log_file/log-213.txt
214,failed-37423,1,1,640,10240,4096,0.75,torch_native,10240,False,True,False,0.8,61,0.85,1.7,0.1,,,,,,0,,,,,,,,,,,,,,,,,,,,,,log_file/log-214.txt
215,failed-37531,1,1,768,22528,5120,0.85,torch_native,14336,False,False,False,0.5,11,0.6,1.3,1.0,,,,,,0,,,,,,,,,,,,,,,,,,,,,,log_file/log-215.txt
216,failed-37639,1,1,960,28672,9216,0.8,flashinfer,9216,True,True,True,0.8,61,0.5,1.6,0.7,,,,,,0,,,,,,,,,,,,,,,,,,,,,,log_file/log-216.txt
217,failed-37747,1,1,384,8192,12288,0.75,torch_native,10240,True,True,True,0.1,21,0.8,1.9,2.0,,,,,,0,,,,,,,,,,,,,,,,,,,,,,log_file/log-217.txt
218,failed-37855,1,1,64,12288,10240,0.75,torch_native,14336,True,False,False,0.4,61,0.25,1.1,1.3,,,,,,0,,,,,,,,,,,,,,,,,,,,,,log_file/log-218.txt
219,failed-37963,1,1,576,24576,12288,0.75,torch_native,13312,True,True,False,0.4,51,0.55,1.3,0.5,,,,,,0,,,,,,,,,,,,,,,,,,,,,,log_file/log-219.txt
220,failed-38071,1,1,320,8192,16384,0.7,torch_native,10240,False,True,True,0.5,11,0.2,1.0,1.1,,,,,,0,,,,,,,,,,,,,,,,,,,,,,log_file/log-220.txt
221,failed-38179,1,1,960,22528,10240,0.75,flashinfer,15360,True,True,False,0.2,71,0.2,1.1,0.8,,,,,,0,,,,,,,,,,,,,,,,,,,,,,log_file/log-221.txt
222,failed-38287,1,1,256,18432,9216,0.85,flashinfer,12288,False,True,False,0.9,1,0.25,1.7,0.6,,,,,,0,,,,,,,,,,,,,,,,,,,,,,log_file/log-222.txt
223,failed-38395,1,1,832,20480,5120,0.85,torch_native,15360,True,False,False,0.5,11,0.2,1.6,0.3,,,,,,0,,,,,,,,,,,,,,,,,,,,,,log_file/log-223.txt
224,failed-38503,1,1,384,14336,9216,0.85,torch_native,12288,False,True,False,1.0,81,0.5,1.6,0.4,,,,,,0,,,,,,,,,,,,,,,,,,,,,,log_file/log-224.txt
225,failed-38611,1,1,768,8192,5120,0.85,flashinfer,11264,False,True,True,0.3,51,0.65,1.1,1.6,,,,,,0,,,,,,,,,,,,,,,,,,,,,,log_file/log-225.txt
226,failed-38719,1,1,896,10240,8192,0.75,flashinfer,15360,False,True,False,0.7,71,0.9,1.9,1.2,,,,,,0,,,,,,,,,,,,,,,,,,,,,,log_file/log-226.txt
227,failed-38827,1,1,768,24576,8192,0.9,torch_native,14336,True,True,True,0.7,51,0.1,1.4,0.9,,,,,,0,,,,,,,,,,,,,,,,,,,,,,log_file/log-227.txt
228,failed-38935,1,1,320,32768,4096,0.75,torch_native,14336,True,False,True,0.6,51,0.75,1.4,0.5,,,,,,0,,,,,,,,,,,,,,,,,,,,,,log_file/log-228.txt
229,failed-39043,1,1,512,24576,11264,0.8,flashinfer,15360,False,False,True,0.1,81,0.9,1.3,1.5,,,,,,0,,,,,,,,,,,,,,,,,,,,,,log_file/log-229.txt
230,failed-39151,1,1,256,32768,9216,0.7,flashinfer,12288,True,False,False,0.7,81,0.3,1.8,0.1,,,,,,0,,,,,,,,,,,,,,,,,,,,,,log_file/log-230.txt
231,failed-39259,1,1,1024,24576,6144,0.9,torch_native,13312,True,False,False,0.8,71,0.65,1.0,2.0,,,,,,0,,,,,,,,,,,,,,,,,,,,,,log_file/log-231.txt
232,failed-39367,1,1,768,14336,15360,0.95,torch_native,13312,False,True,False,0.7,61,0.25,1.8,1.4,,,,,,0,,,,,,,,,,,,,,,,,,,,,,log_file/log-232.txt
233,failed-39475,1,1,256,22528,10240,0.9,torch_native,13312,False,False,True,0.5,81,0.4,1.3,1.0,,,,,,0,,,,,,,,,,,,,,,,,,,,,,log_file/log-233.txt
234,failed-39583,1,1,128,30720,3072,0.8,flashinfer,11264,True,True,False,0.8,91,0.7,1.0,0.6,,,,,,0,,,,,,,,,,,,,,,,,,,,,,log_file/log-234.txt
235,failed-39691,1,1,128,14336,7168,0.75,torch_native,9216,False,False,False,0.7,11,0.85,1.3,0.6,,,,,,0,,,,,,,,,,,,,,,,,,,,,,log_file/log-235.txt
236,failed-39799,1,1,704,12288,12288,0.8,flashinfer,10240,True,False,True,1.0,21,0.3,1.8,1.2,,,,,,0,,,,,,,,,,,,,,,,,,,,,,log_file/log-236.txt
237,failed-39907,1,1,512,10240,14336,0.75,torch_native,11264,True,False,False,0.4,51,1.0,1.5,1.1,,,,,,0,,,,,,,,,,,,,,,,,,,,,,log_file/log-237.txt
238,failed-40015,1,1,128,30720,9216,0.9,flashinfer,15360,False,False,False,0.1,71,0.9,1.9,0.6,,,,,,0,,,,,,,,,,,,,,,,,,,,,,log_file/log-238.txt
239,failed-40123,1,1,576,14336,10240,0.85,flashinfer,14336,True,False,True,0.6,91,0.2,1.9,0.5,,,,,,0,,,,,,,,,,,,,,,,,,,,,,log_file/log-239.txt
240,failed-40231,1,1,576,28672,14336,0.75,torch_native,11264,True,True,False,0.6,31,0.2,1.3,0.1,,,,,,0,,,,,,,,,,,,,,,,,,,,,,log_file/log-240.txt
241,failed-40339,1,1,576,26624,13312,0.8,flashinfer,14336,True,True,False,0.4,31,0.65,1.9,1.5,,,,,,0,,,,,,,,,,,,,,,,,,,,,,log_file/log-241.txt
242,failed-40447,1,1,640,28672,14336,0.8,torch_native,13312,True,True,True,0.8,21,0.65,1.1,0.0,,,,,,0,,,,,,,,,,,,,,,,,,,,,,log_file/log-242.txt
243,failed-40555,1,1,384,12288,16384,0.9,torch_native,14336,False,False,False,0.6,61,0.5,1.7,1.7,,,,,,0,,,,,,,,,,,,,,,,,,,,,,log_file/log-243.txt
244,failed-40663,1,1,832,20480,12288,0.75,torch_native,10240,False,True,False,0.4,81,0.55,1.0,0.9,,,,,,0,,,,,,,,,,,,,,,,,,,,,,log_file/log-244.txt
245,failed-40771,1,1,384,16384,15360,0.9,flashinfer,15360,False,True,False,0.2,91,0.15,2.0,1.0,,,,,,0,,,,,,,,,,,,,,,,,,,,,,log_file/log-245.txt
246,failed-40879,1,1,384,14336,10240,0.8,flashinfer,15360,True,False,True,0.7,71,0.4,1.9,1.9,,,,,,0,,,,,,,,,,,,,,,,,,,,,,log_file/log-246.txt
247,failed-40987,1,1,512,30720,4096,0.9,flashinfer,11264,False,True,True,0.3,41,0.65,1.3,1.5,,,,,,0,,,,,,,,,,,,,,,,,,,,,,log_file/log-247.txt
248,failed-41095,1,1,192,18432,3072,0.8,flashinfer,12288,True,False,True,0.8,51,0.3,2.0,0.2,,,,,,0,,,,,,,,,,,,,,,,,,,,,,log_file/log-248.txt
249,failed-41203,1,1,384,10240,14336,0.9,torch_native,11264,True,False,True,0.5,31,0.65,1.1,0.6,,,,,,0,,,,,,,,,,,,,,,,,,,,,,log_file/log-249.txt
250,failed-41311,1,1,896,18432,11264,0.9,flashinfer,12288,False,True,True,0.0,51,0.85,1.1,1.3,,,,,,0,,,,,,,,,,,,,,,,,,,,,,log_file/log-250.txt
251,failed-41419,1,1,256,26624,3072,0.75,flashinfer,15360,True,True,True,0.9,11,0.8,2.0,0.1,,,,,,0,,,,,,,,,,,,,,,,,,,,,,log_file/log-251.txt
252,failed-41527,1,1,768,28672,13312,0.8,flashinfer,11264,False,True,True,0.5,21,0.75,1.6,1.7,,,,,,0,,,,,,,,,,,,,,,,,,,,,,log_file/log-252.txt
253,failed-41635,1,1,832,10240,11264,0.9,torch_native,12288,True,False,False,0.8,100,0.55,1.4,0.8,,,,,,0,,,,,,,,,,,,,,,,,,,,,,log_file/log-253.txt
254,failed-41743,1,1,1024,14336,13312,0.95,torch_native,13312,False,False,False,0.6,21,1.0,1.1,0.9,,,,,,0,,,,,,,,,,,,,,,,,,,,,,log_file/log-254.txt
255,failed-41851,1,1,768,12288,13312,0.8,torch_native,9216,False,False,True,0.5,41,0.25,1.0,0.9,,,,,,0,,,,,,,,,,,,,,,,,,,,,,log_file/log-255.txt
256,failed-41959,1,1,768,16384,13312,0.7,flashinfer,9216,True,False,True,0.5,41,0.3,1.9,1.4,,,,,,0,,,,,,,,,,,,,,,,,,,,,,log_file/log-256.txt
257,failed-42067,1,1,704,16384,13312,0.7,flashinfer,12288,False,False,True,0.8,31,0.8,1.7,0.2,,,,,,0,,,,,,,,,,,,,,,,,,,,,,log_file/log-257.txt
258,failed-42175,1,1,576,26624,4096,0.75,flashinfer,10240,True,True,True,0.3,91,0.9,1.6,1.3,,,,,,0,,,,,,,,,,,,,,,,,,,,,,log_file/log-258.txt
259,failed-42283,1,1,1024,14336,8192,0.9,torch_native,10240,False,True,False,0.8,71,0.4,2.0,0.6,,,,,,0,,,,,,,,,,,,,,,,,,,,,,log_file/log-259.txt
260,failed-42391,1,1,768,10240,15360,0.75,flashinfer,11264,True,True,False,0.6,100,0.95,2.0,1.3,,,,,,0,,,,,,,,,,,,,,,,,,,,,,log_file/log-260.txt
261,failed-42499,1,1,704,14336,5120,0.75,torch_native,13312,False,True,False,0.3,21,0.1,1.0,0.9,,,,,,0,,,,,,,,,,,,,,,,,,,,,,log_file/log-261.txt
262,failed-42607,1,1,128,22528,3072,0.8,torch_native,10240,True,True,False,0.5,81,0.85,1.3,0.7,,,,,,0,,,,,,,,,,,,,,,,,,,,,,log_file/log-262.txt
263,failed-42715,1,1,256,18432,15360,0.95,torch_native,12288,True,True,True,0.4,31,0.45,1.5,0.6,,,,,,0,,,,,,,,,,,,,,,,,,,,,,log_file/log-263.txt
264,failed-42823,1,1,448,28672,5120,0.95,torch_native,15360,False,False,True,0.1,51,0.65,1.0,1.4,,,,,,0,,,,,,,,,,,,,,,,,,,,,,log_file/log-264.txt
265,failed-42931,1,1,960,16384,3072,0.8,flashinfer,15360,False,False,True,0.0,31,0.9,1.8,0.7,,,,,,0,,,,,,,,,,,,,,,,,,,,,,log_file/log-265.txt
266,failed-43039,1,1,832,24576,2048,0.9,flashinfer,14336,False,False,False,1.0,41,0.5,1.8,1.0,,,,,,0,,,,,,,,,,,,,,,,,,,,,,log_file/log-266.txt
267,failed-43147,1,1,512,16384,5120,0.75,flashinfer,14336,True,True,True,0.5,91,0.2,1.6,0.7,,,,,,0,,,,,,,,,,,,,,,,,,,,,,log_file/log-267.txt
268,failed-43255,1,1,832,14336,2048,0.7,flashinfer,13312,True,False,False,0.9,61,0.95,1.6,0.1,,,,,,0,,,,,,,,,,,,,,,,,,,,,,log_file/log-268.txt
269,failed-43363,1,1,704,12288,9216,0.8,flashinfer,9216,True,True,True,0.8,41,0.45,1.3,1.4,,,,,,0,,,,,,,,,,,,,,,,,,,,,,log_file/log-269.txt
270,failed-43471,1,1,128,16384,12288,0.75,flashinfer,14336,True,True,True,0.1,41,0.25,1.0,1.5,,,,,,0,,,,,,,,,,,,,,,,,,,,,,log_file/log-270.txt
271,failed-43579,1,1,640,16384,12288,0.9,flashinfer,15360,False,True,False,0.8,31,0.65,1.7,0.2,,,,,,0,,,,,,,,,,,,,,,,,,,,,,log_file/log-271.txt
272,failed-43687,1,1,768,18432,13312,0.85,flashinfer,12288,True,True,False,0.3,41,0.55,1.8,1.9,,,,,,0,,,,,,,,,,,,,,,,,,,,,,log_file/log-272.txt
273,failed-43795,1,1,768,22528,11264,0.7,torch_native,15360,True,True,False,0.9,21,0.85,1.6,0.7,,,,,,0,,,,,,,,,,,,,,,,,,,,,,log_file/log-273.txt
274,failed-43903,1,1,640,16384,3072,0.85,flashinfer,9216,True,True,False,0.8,21,0.95,2.0,0.3,,,,,,0,,,,,,,,,,,,,,,,,,,,,,log_file/log-274.txt
275,failed-44011,1,1,256,28672,7168,0.85,flashinfer,10240,False,False,True,0.4,1,0.8,1.1,1.6,,,,,,0,,,,,,,,,,,,,,,,,,,,,,log_file/log-275.txt
276,failed-44119,1,1,192,30720,9216,0.9,flashinfer,12288,True,False,False,0.1,21,0.3,1.6,0.2,,,,,,0,,,,,,,,,,,,,,,,,,,,,,log_file/log-276.txt
277,failed-44227,1,1,896,32768,10240,0.9,torch_native,16384,False,False,False,0.9,91,0.95,1.3,0.9,,,,,,0,,,,,,,,,,,,,,,,,,,,,,log_file/log-277.txt
278,failed-44335,1,1,512,8192,12288,0.9,torch_native,13312,True,False,False,0.2,81,0.5,1.3,0.3,,,,,,0,,,,,,,,,,,,,,,,,,,,,,log_file/log-278.txt
279,failed-44443,1,1,448,16384,15360,0.95,flashinfer,13312,False,True,False,0.9,11,0.75,1.6,0.1,,,,,,0,,,,,,,,,,,,,,,,,,,,,,log_file/log-279.txt
280,failed-44551,1,1,1024,12288,10240,0.85,torch_native,12288,True,False,False,0.5,61,0.6,2.0,0.4,,,,,,0,,,,,,,,,,,,,,,,,,,,,,log_file/log-280.txt
281,failed-44659,1,1,832,20480,12288,0.85,torch_native,13312,False,True,False,0.2,21,0.15,1.9,1.5,,,,,,0,,,,,,,,,,,,,,,,,,,,,,log_file/log-281.txt
282,failed-44767,1,1,320,30720,14336,0.9,torch_native,9216,False,False,True,0.9,1,0.9,1.3,1.1,,,,,,0,,,,,,,,,,,,,,,,,,,,,,log_file/log-282.txt
283,failed-44875,1,1,192,22528,4096,0.85,torch_native,13312,False,True,True,0.5,21,0.25,1.7,1.3,,,,,,0,,,,,,,,,,,,,,,,,,,,,,log_file/log-283.txt
284,failed-44983,1,1,576,14336,8192,0.9,flashinfer,11264,False,False,False,0.1,41,0.95,1.3,1.2,,,,,,0,,,,,,,,,,,,,,,,,,,,,,log_file/log-284.txt
285,failed-45091,1,1,576,8192,13312,0.85,torch_native,9216,False,False,False,0.2,71,0.3,1.3,0.1,,,,,,0,,,,,,,,,,,,,,,,,,,,,,log_file/log-285.txt
286,failed-45199,1,1,448,28672,9216,0.75,flashinfer,9216,True,True,False,0.3,11,0.95,1.0,0.2,,,,,,0,,,,,,,,,,,,,,,,,,,,,,log_file/log-286.txt
287,failed-45307,1,1,384,10240,6144,0.75,flashinfer,10240,False,True,True,0.3,11,0.15,1.6,1.4,,,,,,0,,,,,,,,,,,,,,,,,,,,,,log_file/log-287.txt
288,failed-45415,1,1,256,14336,6144,0.8,torch_native,15360,False,True,False,0.1,51,0.55,1.5,0.7,,,,,,0,,,,,,,,,,,,,,,,,,,,,,log_file/log-288.txt
289,failed-45523,1,1,704,28672,10240,0.95,flashinfer,10240,True,True,True,0.5,91,0.2,1.3,1.5,,,,,,0,,,,,,,,,,,,,,,,,,,,,,log_file/log-289.txt
290,failed-45631,1,1,384,10240,6144,0.8,flashinfer,10240,False,True,True,0.5,21,0.85,1.5,1.1,,,,,,0,,,,,,,,,,,,,,,,,,,,,,log_file/log-290.txt
291,failed-45739,1,1,640,14336,11264,0.9,torch_native,16384,True,False,True,0.7,11,0.4,1.8,0.9,,,,,,0,,,,,,,,,,,,,,,,,,,,,,log_file/log-291.txt
292,failed-45847,1,1,128,14336,5120,0.95,torch_native,11264,False,False,False,0.5,51,1.0,1.9,0.1,,,,,,0,,,,,,,,,,,,,,,,,,,,,,log_file/log-292.txt
293,failed-45955,1,1,256,30720,9216,0.85,flashinfer,10240,True,False,True,0.6,71,0.35,1.5,0.6,,,,,,0,,,,,,,,,,,,,,,,,,,,,,log_file/log-293.txt
294,failed-46063,1,1,384,18432,4096,0.9,torch_native,14336,True,False,False,0.0,41,0.15,1.2,1.1,,,,,,0,,,,,,,,,,,,,,,,,,,,,,log_file/log-294.txt
295,failed-46171,1,1,768,16384,3072,0.8,flashinfer,9216,False,False,False,1.0,61,0.2,1.5,0.4,,,,,,0,,,,,,,,,,,,,,,,,,,,,,log_file/log-295.txt
296,failed-46279,1,1,832,12288,7168,0.85,torch_native,13312,False,True,False,0.3,61,0.7,1.2,0.7,,,,,,0,,,,,,,,,,,,,,,,,,,,,,log_file/log-296.txt
297,failed-46387,1,1,512,8192,14336,0.85,torch_native,14336,True,False,False,0.2,31,0.25,1.3,1.5,,,,,,0,,,,,,,,,,,,,,,,,,,,,,log_file/log-297.txt
298,failed-46495,1,1,320,12288,9216,0.7,flashinfer,10240,True,False,True,0.1,1,0.35,1.1,0.4,,,,,,0,,,,,,,,,,,,,,,,,,,,,,log_file/log-298.txt
299,failed-46603,1,1,704,22528,15360,0.95,torch_native,15360,True,True,True,0.7,31,0.2,2.0,1.8,,,,,,0,,,,,,,,,,,,,,,,,,,,,,log_file/log-299.txt
300,failed-46711,1,1,512,10240,9216,0.75,flashinfer,10240,True,True,True,0.9,21,0.4,1.5,1.9,,,,,,0,,,,,,,,,,,,,,,,,,,,,,log_file/log-300.txt
301,failed-46819,1,1,64,30720,14336,0.8,torch_native,9216,False,False,False,0.2,31,0.6,1.1,1.2,,,,,,0,,,,,,,,,,,,,,,,,,,,,,log_file/log-301.txt
302,failed-46927,1,1,192,30720,3072,0.85,torch_native,11264,True,False,False,0.5,71,0.7,1.2,1.3,,,,,,0,,,,,,,,,,,,,,,,,,,,,,log_file/log-302.txt
303,failed-47035,1,1,704,30720,5120,0.95,flashinfer,11264,True,False,True,0.3,21,0.7,1.6,1.7,,,,,,0,,,,,,,,,,,,,,,,,,,,,,log_file/log-303.txt
304,failed-47143,1,1,256,16384,7168,0.7,torch_native,15360,True,True,True,0.4,91,0.55,1.1,0.5,,,,,,0,,,,,,,,,,,,,,,,,,,,,,log_file/log-304.txt
305,failed-47251,1,1,704,10240,10240,0.8,flashinfer,15360,True,False,False,0.4,61,0.2,1.9,0.9,,,,,,0,,,,,,,,,,,,,,,,,,,,,,log_file/log-305.txt
306,failed-47359,1,1,576,16384,14336,0.9,torch_native,14336,False,True,True,0.7,31,0.1,1.0,0.3,,,,,,0,,,,,,,,,,,,,,,,,,,,,,log_file/log-306.txt
307,failed-47467,1,1,704,28672,10240,0.9,flashinfer,15360,True,False,True,1.0,51,0.75,1.5,1.2,,,,,,0,,,,,,,,,,,,,,,,,,,,,,log_file/log-307.txt
308,failed-47575,1,1,128,10240,2048,0.85,torch_native,9216,True,False,False,0.6,71,0.45,2.0,1.7,,,,,,0,,,,,,,,,,,,,,,,,,,,,,log_file/log-308.txt
309,failed-47683,1,1,128,12288,10240,0.95,flashinfer,16384,True,True,False,0.1,61,0.85,1.6,1.5,,,,,,0,,,,,,,,,,,,,,,,,,,,,,log_file/log-309.txt
310,failed-47791,1,1,448,12288,14336,0.75,flashinfer,11264,False,False,True,0.2,1,0.75,1.3,1.8,,,,,,0,,,,,,,,,,,,,,,,,,,,,,log_file/log-310.txt
311,failed-47899,1,1,832,10240,14336,0.9,flashinfer,15360,True,True,True,0.8,71,0.7,1.1,1.0,,,,,,0,,,,,,,,,,,,,,,,,,,,,,log_file/log-311.txt
312,failed-48007,1,1,768,12288,3072,0.8,torch_native,9216,False,True,False,0.9,21,0.5,1.3,1.6,,,,,,0,,,,,,,,,,,,,,,,,,,,,,log_file/log-312.txt
313,failed-48115,1,1,320,28672,4096,0.75,torch_native,14336,True,False,True,0.7,100,0.4,1.5,1.7,,,,,,0,,,,,,,,,,,,,,,,,,,,,,log_file/log-313.txt
314,failed-48223,1,1,640,10240,14336,0.9,flashinfer,13312,False,False,True,0.4,51,0.8,1.8,1.8,,,,,,0,,,,,,,,,,,,,,,,,,,,,,log_file/log-314.txt
315,failed-48331,1,1,128,20480,7168,0.75,torch_native,11264,False,True,False,0.7,41,0.2,1.6,1.1,,,,,,0,,,,,,,,,,,,,,,,,,,,,,log_file/log-315.txt
316,failed-48439,1,1,384,28672,8192,0.85,torch_native,10240,False,False,False,0.4,21,0.55,1.3,1.2,,,,,,0,,,,,,,,,,,,,,,,,,,,,,log_file/log-316.txt
317,failed-48547,1,1,512,10240,7168,0.85,torch_native,14336,False,False,False,0.3,11,0.85,1.7,1.7,,,,,,0,,,,,,,,,,,,,,,,,,,,,,log_file/log-317.txt
318,failed-48655,1,1,896,26624,11264,0.9,flashinfer,10240,True,False,True,0.7,41,0.45,1.8,1.7,,,,,,0,,,,,,,,,,,,,,,,,,,,,,log_file/log-318.txt
319,failed-48763,1,1,384,12288,16384,0.85,flashinfer,13312,False,False,False,0.4,31,1.0,1.7,0.5,,,,,,0,,,,,,,,,,,,,,,,,,,,,,log_file/log-319.txt
320,failed-48871,1,1,768,24576,9216,0.75,flashinfer,9216,True,True,True,0.1,11,0.6,1.8,1.1,,,,,,0,,,,,,,,,,,,,,,,,,,,,,log_file/log-320.txt
321,failed-48979,1,1,320,22528,9216,0.9,flashinfer,13312,False,True,False,0.8,100,0.6,1.1,1.8,,,,,,0,,,,,,,,,,,,,,,,,,,,,,log_file/log-321.txt
322,failed-49087,1,1,576,30720,14336,0.85,flashinfer,12288,False,True,False,0.7,51,0.7,1.3,0.8,,,,,,0,,,,,,,,,,,,,,,,,,,,,,log_file/log-322.txt
323,failed-49195,1,1,704,10240,6144,0.9,flashinfer,16384,True,False,True,0.5,81,0.15,1.0,1.1,,,,,,0,,,,,,,,,,,,,,,,,,,,,,log_file/log-323.txt
324,failed-49303,1,1,640,14336,14336,0.8,torch_native,10240,True,True,True,0.2,11,0.2,1.8,1.5,,,,,,0,,,,,,,,,,,,,,,,,,,,,,log_file/log-324.txt
325,failed-49411,1,1,1024,22528,13312,0.9,torch_native,13312,True,True,True,0.8,21,1.0,1.8,0.9,,,,,,0,,,,,,,,,,,,,,,,,,,,,,log_file/log-325.txt
326,failed-49519,1,1,1024,20480,6144,0.9,flashinfer,11264,False,True,False,0.1,11,0.85,1.3,1.8,,,,,,0,,,,,,,,,,,,,,,,,,,,,,log_file/log-326.txt
327,failed-49627,1,1,512,30720,8192,0.75,flashinfer,16384,False,True,False,0.0,91,0.15,1.1,1.3,,,,,,0,,,,,,,,,,,,,,,,,,,,,,log_file/log-327.txt
328,failed-49735,1,1,832,16384,5120,0.9,torch_native,14336,False,True,True,0.8,31,0.75,1.3,1.2,,,,,,0,,,,,,,,,,,,,,,,,,,,,,log_file/log-328.txt
329,failed-49843,1,1,576,26624,12288,0.85,flashinfer,13312,True,False,True,0.9,11,0.15,1.6,0.9,,,,,,0,,,,,,,,,,,,,,,,,,,,,,log_file/log-329.txt
330,failed-49951,1,1,256,20480,6144,0.9,flashinfer,15360,False,True,False,0.2,1,0.3,1.6,0.3,,,,,,0,,,,,,,,,,,,,,,,,,,,,,log_file/log-330.txt
331,failed-50059,1,1,384,28672,10240,0.85,torch_native,10240,False,True,False,0.7,41,0.8,1.1,1.1,,,,,,0,,,,,,,,,,,,,,,,,,,,,,log_file/log-331.txt
332,failed-50167,1,1,832,24576,5120,0.9,torch_native,9216,True,False,False,0.3,51,0.65,1.6,0.7,,,,,,0,,,,,,,,,,,,,,,,,,,,,,log_file/log-332.txt
333,failed-50275,1,1,448,30720,9216,0.95,torch_native,14336,False,False,False,0.0,41,0.75,1.2,0.2,,,,,,0,,,,,,,,,,,,,,,,,,,,,,log_file/log-333.txt
334,failed-50383,1,1,192,26624,3072,0.8,flashinfer,12288,False,True,True,0.5,100,0.95,2.0,0.5,,,,,,0,,,,,,,,,,,,,,,,,,,,,,log_file/log-334.txt
335,failed-50491,1,1,896,8192,9216,0.75,torch_native,10240,False,False,True,0.9,21,0.8,1.1,0.7,,,,,,0,,,,,,,,,,,,,,,,,,,,,,log_file/log-335.txt
336,failed-50599,1,1,256,16384,7168,0.9,flashinfer,13312,False,True,True,1.0,11,0.8,1.1,1.4,,,,,,0,,,,,,,,,,,,,,,,,,,,,,log_file/log-336.txt
337,failed-50707,1,1,128,22528,3072,0.85,flashinfer,15360,False,True,True,0.5,61,0.85,1.7,0.8,,,,,,0,,,,,,,,,,,,,,,,,,,,,,log_file/log-337.txt
338,failed-50820,1,1,832,24576,11264,0.75,torch_native,13312,True,False,False,0.5,91,0.65,1.8,0.9,,,,,,0,,,,,,,,,,,,,,,,,,,,,,log_file/log-338.txt
339,failed-50928,1,1,64,32768,6144,0.85,flashinfer,9216,False,True,True,0.7,31,0.35,1.4,0.1,,,,,,0,,,,,,,,,,,,,,,,,,,,,,log_file/log-339.txt
340,failed-51036,1,1,256,10240,11264,0.85,flashinfer,14336,True,True,True,0.2,1,0.35,1.3,0.1,,,,,,0,,,,,,,,,,,,,,,,,,,,,,log_file/log-340.txt
341,failed-51144,1,1,448,16384,8192,0.7,torch_native,16384,False,False,True,0.6,31,0.6,1.1,1.0,,,,,,0,,,,,,,,,,,,,,,,,,,,,,log_file/log-341.txt
342,failed-51252,1,1,640,10240,4096,0.75,torch_native,10240,False,True,False,0.8,61,0.85,1.7,0.1,,,,,,0,,,,,,,,,,,,,,,,,,,,,,log_file/log-342.txt
343,failed-51360,1,1,768,22528,5120,0.85,torch_native,14336,False,False,False,0.5,11,0.6,1.3,1.0,,,,,,0,,,,,,,,,,,,,,,,,,,,,,log_file/log-343.txt
344,failed-51468,1,1,960,28672,9216,0.8,flashinfer,9216,True,True,True,0.8,61,0.5,1.6,0.7,,,,,,0,,,,,,,,,,,,,,,,,,,,,,log_file/log-344.txt
345,failed-51576,1,1,384,8192,12288,0.75,torch_native,10240,True,True,True,0.1,21,0.8,1.9,2.0,,,,,,0,,,,,,,,,,,,,,,,,,,,,,log_file/log-345.txt
346,failed-51684,1,1,64,12288,10240,0.75,torch_native,14336,True,False,False,0.4,61,0.25,1.1,1.3,,,,,,0,,,,,,,,,,,,,,,,,,,,,,log_file/log-346.txt
347,failed-51792,1,1,576,24576,12288,0.75,torch_native,13312,True,True,False,0.4,51,0.55,1.3,0.5,,,,,,0,,,,,,,,,,,,,,,,,,,,,,log_file/log-347.txt
348,failed-51900,1,1,320,8192,16384,0.7,torch_native,10240,False,True,True,0.5,11,0.2,1.0,1.1,,,,,,0,,,,,,,,,,,,,,,,,,,,,,log_file/log-348.txt
349,failed-52008,1,1,960,22528,10240,0.75,flashinfer,15360,True,True,False,0.2,71,0.2,1.1,0.8,,,,,,0,,,,,,,,,,,,,,,,,,,,,,log_file/log-349.txt
350,failed-52116,1,1,256,18432,9216,0.85,flashinfer,12288,False,True,False,0.9,1,0.25,1.7,0.6,,,,,,0,,,,,,,,,,,,,,,,,,,,,,log_file/log-350.txt
351,failed-52224,1,1,832,20480,5120,0.85,torch_native,15360,True,False,False,0.5,11,0.2,1.6,0.3,,,,,,0,,,,,,,,,,,,,,,,,,,,,,log_file/log-351.txt
352,failed-52332,1,1,384,14336,9216,0.85,torch_native,12288,False,True,False,1.0,81,0.5,1.6,0.4,,,,,,0,,,,,,,,,,,,,,,,,,,,,,log_file/log-352.txt
353,failed-52440,1,1,768,8192,5120,0.85,flashinfer,11264,False,True,True,0.3,51,0.65,1.1,1.6,,,,,,0,,,,,,,,,,,,,,,,,,,,,,log_file/log-353.txt
354,failed-52548,1,1,896,10240,8192,0.75,flashinfer,15360,False,True,False,0.7,71,0.9,1.9,1.2,,,,,,0,,,,,,,,,,,,,,,,,,,,,,log_file/log-354.txt
355,failed-52656,1,1,768,24576,8192,0.9,torch_native,14336,True,True,True,0.7,51,0.1,1.4,0.9,,,,,,0,,,,,,,,,,,,,,,,,,,,,,log_file/log-355.txt
356,failed-52764,1,1,320,32768,4096,0.75,torch_native,14336,True,False,True,0.6,51,0.75,1.4,0.5,,,,,,0,,,,,,,,,,,,,,,,,,,,,,log_file/log-356.txt
357,failed-52872,1,1,512,24576,11264,0.8,flashinfer,15360,False,False,True,0.1,81,0.9,1.3,1.5,,,,,,0,,,,,,,,,,,,,,,,,,,,,,log_file/log-357.txt
358,failed-52980,1,1,256,32768,9216,0.7,flashinfer,12288,True,False,False,0.7,81,0.3,1.8,0.1,,,,,,0,,,,,,,,,,,,,,,,,,,,,,log_file/log-358.txt
359,failed-53088,1,1,1024,24576,6144,0.9,torch_native,13312,True,False,False,0.8,71,0.65,1.0,2.0,,,,,,0,,,,,,,,,,,,,,,,,,,,,,log_file/log-359.txt
360,failed-53196,1,1,768,14336,15360,0.95,torch_native,13312,False,True,False,0.7,61,0.25,1.8,1.4,,,,,,0,,,,,,,,,,,,,,,,,,,,,,log_file/log-360.txt
361,failed-53304,1,1,256,22528,10240,0.9,torch_native,13312,False,False,True,0.5,81,0.4,1.3,1.0,,,,,,0,,,,,,,,,,,,,,,,,,,,,,log_file/log-361.txt
362,failed-53412,1,1,128,30720,3072,0.8,flashinfer,11264,True,True,False,0.8,91,0.7,1.0,0.6,,,,,,0,,,,,,,,,,,,,,,,,,,,,,log_file/log-362.txt
363,failed-53520,1,1,128,14336,7168,0.75,torch_native,9216,False,False,False,0.7,11,0.85,1.3,0.6,,,,,,0,,,,,,,,,,,,,,,,,,,,,,log_file/log-363.txt
364,failed-53628,1,1,704,12288,12288,0.8,flashinfer,10240,True,False,True,1.0,21,0.3,1.8,1.2,,,,,,0,,,,,,,,,,,,,,,,,,,,,,log_file/log-364.txt
365,failed-53736,1,1,512,10240,14336,0.75,torch_native,11264,True,False,False,0.4,51,1.0,1.5,1.1,,,,,,0,,,,,,,,,,,,,,,,,,,,,,log_file/log-365.txt
366,failed-53844,1,1,128,30720,9216,0.9,flashinfer,15360,False,False,False,0.1,71,0.9,1.9,0.6,,,,,,0,,,,,,,,,,,,,,,,,,,,,,log_file/log-366.txt
367,failed-53952,1,1,576,14336,10240,0.85,flashinfer,14336,True,False,True,0.6,91,0.2,1.9,0.5,,,,,,0,,,,,,,,,,,,,,,,,,,,,,log_file/log-367.txt
368,failed-54060,1,1,576,28672,14336,0.75,torch_native,11264,True,True,False,0.6,31,0.2,1.3,0.1,,,,,,0,,,,,,,,,,,,,,,,,,,,,,log_file/log-368.txt
369,failed-54168,1,1,576,26624,13312,0.8,flashinfer,14336,True,True,False,0.4,31,0.65,1.9,1.5,,,,,,0,,,,,,,,,,,,,,,,,,,,,,log_file/log-369.txt
370,failed-54276,1,1,640,28672,14336,0.8,torch_native,13312,True,True,True,0.8,21,0.65,1.1,0.0,,,,,,0,,,,,,,,,,,,,,,,,,,,,,log_file/log-370.txt
371,failed-54384,1,1,384,12288,16384,0.9,torch_native,14336,False,False,False,0.6,61,0.5,1.7,1.7,,,,,,0,,,,,,,,,,,,,,,,,,,,,,log_file/log-371.txt
372,failed-54492,1,1,832,20480,12288,0.75,torch_native,10240,False,True,False,0.4,81,0.55,1.0,0.9,,,,,,0,,,,,,,,,,,,,,,,,,,,,,log_file/log-372.txt
373,failed-54600,1,1,384,16384,15360,0.9,flashinfer,15360,False,True,False,0.2,91,0.15,2.0,1.0,,,,,,0,,,,,,,,,,,,,,,,,,,,,,log_file/log-373.txt
374,failed-54708,1,1,384,14336,10240,0.8,flashinfer,15360,True,False,True,0.7,71,0.4,1.9,1.9,,,,,,0,,,,,,,,,,,,,,,,,,,,,,log_file/log-374.txt
375,failed-54816,1,1,512,30720,4096,0.9,flashinfer,11264,False,True,True,0.3,41,0.65,1.3,1.5,,,,,,0,,,,,,,,,,,,,,,,,,,,,,log_file/log-375.txt
376,failed-54924,1,1,192,18432,3072,0.8,flashinfer,12288,True,False,True,0.8,51,0.3,2.0,0.2,,,,,,0,,,,,,,,,,,,,,,,,,,,,,log_file/log-376.txt
377,failed-55032,1,1,384,10240,14336,0.9,torch_native,11264,True,False,True,0.5,31,0.65,1.1,0.6,,,,,,0,,,,,,,,,,,,,,,,,,,,,,log_file/log-377.txt
378,failed-55140,1,1,896,18432,11264,0.9,flashinfer,12288,False,True,True,0.0,51,0.85,1.1,1.3,,,,,,0,,,,,,,,,,,,,,,,,,,,,,log_file/log-378.txt
379,failed-55248,1,1,256,26624,3072,0.75,flashinfer,15360,True,True,True,0.9,11,0.8,2.0,0.1,,,,,,0,,,,,,,,,,,,,,,,,,,,,,log_file/log-379.txt
380,failed-55356,1,1,768,28672,13312,0.8,flashinfer,11264,False,True,True,0.5,21,0.75,1.6,1.7,,,,,,0,,,,,,,,,,,,,,,,,,,,,,log_file/log-380.txt
381,failed-55464,1,1,832,10240,11264,0.9,torch_native,12288,True,False,False,0.8,100,0.55,1.4,0.8,,,,,,0,,,,,,,,,,,,,,,,,,,,,,log_file/log-381.txt
382,failed-55572,1,1,1024,14336,13312,0.95,torch_native,13312,False,False,False,0.6,21,1.0,1.1,0.9,,,,,,0,,,,,,,,,,,,,,,,,,,,,,log_file/log-382.txt
383,failed-55680,1,1,768,12288,13312,0.8,torch_native,9216,False,False,True,0.5,41,0.25,1.0,0.9,,,,,,0,,,,,,,,,,,,,,,,,,,,,,log_file/log-383.txt
384,failed-55788,1,1,768,16384,13312,0.7,flashinfer,9216,True,False,True,0.5,41,0.3,1.9,1.4,,,,,,0,,,,,,,,,,,,,,,,,,,,,,log_file/log-384.txt
385,failed-55896,1,1,704,16384,13312,0.7,flashinfer,12288,False,False,True,0.8,31,0.8,1.7,0.2,,,,,,0,,,,,,,,,,,,,,,,,,,,,,log_file/log-385.txt
386,failed-56004,1,1,576,26624,4096,0.75,flashinfer,10240,True,True,True,0.3,91,0.9,1.6,1.3,,,,,,0,,,,,,,,,,,,,,,,,,,,,,log_file/log-386.txt
387,failed-56112,1,1,1024,14336,8192,0.9,torch_native,10240,False,True,False,0.8,71,0.4,2.0,0.6,,,,,,0,,,,,,,,,,,,,,,,,,,,,,log_file/log-387.txt
388,failed-56220,1,1,768,10240,15360,0.75,flashinfer,11264,True,True,False,0.6,100,0.95,2.0,1.3,,,,,,0,,,,,,,,,,,,,,,,,,,,,,log_file/log-388.txt
389,failed-56328,1,1,704,14336,5120,0.75,torch_native,13312,False,True,False,0.3,21,0.1,1.0,0.9,,,,,,0,,,,,,,,,,,,,,,,,,,,,,log_file/log-389.txt
390,failed-56436,1,1,128,22528,3072,0.8,torch_native,10240,True,True,False,0.5,81,0.85,1.3,0.7,,,,,,0,,,,,,,,,,,,,,,,,,,,,,log_file/log-390.txt
391,failed-56544,1,1,256,18432,15360,0.95,torch_native,12288,True,True,True,0.4,31,0.45,1.5,0.6,,,,,,0,,,,,,,,,,,,,,,,,,,,,,log_file/log-391.txt
392,failed-56652,1,1,448,28672,5120,0.95,torch_native,15360,False,False,True,0.1,51,0.65,1.0,1.4,,,,,,0,,,,,,,,,,,,,,,,,,,,,,log_file/log-392.txt
393,failed-56760,1,1,960,16384,3072,0.8,flashinfer,15360,False,False,True,0.0,31,0.9,1.8,0.7,,,,,,0,,,,,,,,,,,,,,,,,,,,,,log_file/log-393.txt
394,failed-56868,1,1,832,24576,2048,0.9,flashinfer,14336,False,False,False,1.0,41,0.5,1.8,1.0,,,,,,0,,,,,,,,,,,,,,,,,,,,,,log_file/log-394.txt
395,failed-56976,1,1,512,16384,5120,0.75,flashinfer,14336,True,True,True,0.5,91,0.2,1.6,0.7,,,,,,0,,,,,,,,,,,,,,,,,,,,,,log_file/log-395.txt
396,failed-57084,1,1,832,14336,2048,0.7,flashinfer,13312,True,False,False,0.9,61,0.95,1.6,0.1,,,,,,0,,,,,,,,,,,,,,,,,,,,,,log_file/log-396.txt
397,failed-57192,1,1,704,12288,9216,0.8,flashinfer,9216,True,True,True,0.8,41,0.45,1.3,1.4,,,,,,0,,,,,,,,,,,,,,,,,,,,,,log_file/log-397.txt
398,failed-57300,1,1,128,16384,12288,0.75,flashinfer,14336,True,True,True,0.1,41,0.25,1.0,1.5,,,,,,0,,,,,,,,,,,,,,,,,,,,,,log_file/log-398.txt
399,failed-57408,1,1,640,16384,12288,0.9,flashinfer,15360,False,True,False,0.8,31,0.65,1.7,0.2,,,,,,0,,,,,,,,,,,,,,,,,,,,,,log_file/log-399.txt
400,failed-57516,1,1,768,18432,13312,0.85,flashinfer,12288,True,True,False,0.3,41,0.55,1.8,1.9,,,,,,0,,,,,,,,,,,,,,,,,,,,,,log_file/log-400.txt
401,failed-57624,1,1,768,22528,11264,0.7,torch_native,15360,True,True,False,0.9,21,0.85,1.6,0.7,,,,,,0,,,,,,,,,,,,,,,,,,,,,,log_file/log-401.txt
402,failed-57732,1,1,640,16384,3072,0.85,flashinfer,9216,True,True,False,0.8,21,0.95,2.0,0.3,,,,,,0,,,,,,,,,,,,,,,,,,,,,,log_file/log-402.txt
403,failed-57840,1,1,256,28672,7168,0.85,flashinfer,10240,False,False,True,0.4,1,0.8,1.1,1.6,,,,,,0,,,,,,,,,,,,,,,,,,,,,,log_file/log-403.txt
404,failed-57948,1,1,192,30720,9216,0.9,flashinfer,12288,True,False,False,0.1,21,0.3,1.6,0.2,,,,,,0,,,,,,,,,,,,,,,,,,,,,,log_file/log-404.txt
405,failed-58056,1,1,896,32768,10240,0.9,torch_native,16384,False,False,False,0.9,91,0.95,1.3,0.9,,,,,,0,,,,,,,,,,,,,,,,,,,,,,log_file/log-405.txt
406,failed-58164,1,1,512,8192,12288,0.9,torch_native,13312,True,False,False,0.2,81,0.5,1.3,0.3,,,,,,0,,,,,,,,,,,,,,,,,,,,,,log_file/log-406.txt
407,failed-58272,1,1,448,16384,15360,0.95,flashinfer,13312,False,True,False,0.9,11,0.75,1.6,0.1,,,,,,0,,,,,,,,,,,,,,,,,,,,,,log_file/log-407.txt
408,failed-58380,1,1,1024,12288,10240,0.85,torch_native,12288,True,False,False,0.5,61,0.6,2.0,0.4,,,,,,0,,,,,,,,,,,,,,,,,,,,,,log_file/log-408.txt
409,failed-58488,1,1,832,20480,12288,0.85,torch_native,13312,False,True,False,0.2,21,0.15,1.9,1.5,,,,,,0,,,,,,,,,,,,,,,,,,,,,,log_file/log-409.txt
410,failed-58596,1,1,320,30720,14336,0.9,torch_native,9216,False,False,True,0.9,1,0.9,1.3,1.1,,,,,,0,,,,,,,,,,,,,,,,,,,,,,log_file/log-410.txt
411,failed-58704,1,1,192,22528,4096,0.85,torch_native,13312,False,True,True,0.5,21,0.25,1.7,1.3,,,,,,0,,,,,,,,,,,,,,,,,,,,,,log_file/log-411.txt
412,failed-58812,1,1,576,14336,8192,0.9,flashinfer,11264,False,False,False,0.1,41,0.95,1.3,1.2,,,,,,0,,,,,,,,,,,,,,,,,,,,,,log_file/log-412.txt
413,failed-58920,1,1,576,8192,13312,0.85,torch_native,9216,False,False,False,0.2,71,0.3,1.3,0.1,,,,,,0,,,,,,,,,,,,,,,,,,,,,,log_file/log-413.txt
414,failed-59028,1,1,448,28672,9216,0.75,flashinfer,9216,True,True,False,0.3,11,0.95,1.0,0.2,,,,,,0,,,,,,,,,,,,,,,,,,,,,,log_file/log-414.txt
415,failed-59136,1,1,384,10240,6144,0.75,flashinfer,10240,False,True,True,0.3,11,0.15,1.6,1.4,,,,,,0,,,,,,,,,,,,,,,,,,,,,,log_file/log-415.txt
416,failed-59244,1,1,256,14336,6144,0.8,torch_native,15360,False,True,False,0.1,51,0.55,1.5,0.7,,,,,,0,,,,,,,,,,,,,,,,,,,,,,log_file/log-416.txt
417,failed-59352,1,1,704,28672,10240,0.95,flashinfer,10240,True,True,True,0.5,91,0.2,1.3,1.5,,,,,,0,,,,,,,,,,,,,,,,,,,,,,log_file/log-417.txt
418,failed-59460,1,1,384,10240,6144,0.8,flashinfer,10240,False,True,True,0.5,21,0.85,1.5,1.1,,,,,,0,,,,,,,,,,,,,,,,,,,,,,log_file/log-418.txt
419,failed-59568,1,1,640,14336,11264,0.9,torch_native,16384,True,False,True,0.7,11,0.4,1.8,0.9,,,,,,0,,,,,,,,,,,,,,,,,,,,,,log_file/log-419.txt
420,failed-59676,1,1,128,14336,5120,0.95,torch_native,11264,False,False,False,0.5,51,1.0,1.9,0.1,,,,,,0,,,,,,,,,,,,,,,,,,,,,,log_file/log-420.txt
421,failed-59784,1,1,256,30720,9216,0.85,flashinfer,10240,True,False,True,0.6,71,0.35,1.5,0.6,,,,,,0,,,,,,,,,,,,,,,,,,,,,,log_file/log-421.txt
422,failed-59892,1,1,384,18432,4096,0.9,torch_native,14336,True,False,False,0.0,41,0.15,1.2,1.1,,,,,,0,,,,,,,,,,,,,,,,,,,,,,log_file/log-422.txt
423,failed-60000,1,1,768,16384,3072,0.8,flashinfer,9216,False,False,False,1.0,61,0.2,1.5,0.4,,,,,,0,,,,,,,,,,,,,,,,,,,,,,log_file/log-423.txt
424,failed-60108,1,1,832,12288,7168,0.85,torch_native,13312,False,True,False,0.3,61,0.7,1.2,0.7,,,,,,0,,,,,,,,,,,,,,,,,,,,,,log_file/log-424.txt
425,failed-60216,1,1,512,8192,14336,0.85,torch_native,14336,True,False,False,0.2,31,0.25,1.3,1.5,,,,,,0,,,,,,,,,,,,,,,,,,,,,,log_file/log-425.txt
426,failed-60324,1,1,320,12288,9216,0.7,flashinfer,10240,True,False,True,0.1,1,0.35,1.1,0.4,,,,,,0,,,,,,,,,,,,,,,,,,,,,,log_file/log-426.txt
427,failed-60432,1,1,704,22528,15360,0.95,torch_native,15360,True,True,True,0.7,31,0.2,2.0,1.8,,,,,,0,,,,,,,,,,,,,,,,,,,,,,log_file/log-427.txt
428,failed-60540,1,1,512,10240,9216,0.75,flashinfer,10240,True,True,True,0.9,21,0.4,1.5,1.9,,,,,,0,,,,,,,,,,,,,,,,,,,,,,log_file/log-428.txt
429,failed-60648,1,1,64,30720,14336,0.8,torch_native,9216,False,False,False,0.2,31,0.6,1.1,1.2,,,,,,0,,,,,,,,,,,,,,,,,,,,,,log_file/log-429.txt
430,failed-60756,1,1,192,30720,3072,0.85,torch_native,11264,True,False,False,0.5,71,0.7,1.2,1.3,,,,,,0,,,,,,,,,,,,,,,,,,,,,,log_file/log-430.txt
431,failed-60864,1,1,704,30720,5120,0.95,flashinfer,11264,True,False,True,0.3,21,0.7,1.6,1.7,,,,,,0,,,,,,,,,,,,,,,,,,,,,,log_file/log-431.txt
432,failed-60972,1,1,256,16384,7168,0.7,torch_native,15360,True,True,True,0.4,91,0.55,1.1,0.5,,,,,,0,,,,,,,,,,,,,,,,,,,,,,log_file/log-432.txt
433,failed-61080,1,1,704,10240,10240,0.8,flashinfer,15360,True,False,False,0.4,61,0.2,1.9,0.9,,,,,,0,,,,,,,,,,,,,,,,,,,,,,log_file/log-433.txt
434,failed-61188,1,1,576,16384,14336,0.9,torch_native,14336,False,True,True,0.7,31,0.1,1.0,0.3,,,,,,0,,,,,,,,,,,,,,,,,,,,,,log_file/log-434.txt
435,failed-61296,1,1,704,28672,10240,0.9,flashinfer,15360,True,False,True,1.0,51,0.75,1.5,1.2,,,,,,0,,,,,,,,,,,,,,,,,,,,,,log_file/log-435.txt
436,failed-61404,1,1,128,10240,2048,0.85,torch_native,9216,True,False,False,0.6,71,0.45,2.0,1.7,,,,,,0,,,,,,,,,,,,,,,,,,,,,,log_file/log-436.txt
437,failed-61512,1,1,128,12288,10240,0.95,flashinfer,16384,True,True,False,0.1,61,0.85,1.6,1.5,,,,,,0,,,,,,,,,,,,,,,,,,,,,,log_file/log-437.txt
438,failed-61620,1,1,448,12288,14336,0.75,flashinfer,11264,False,False,True,0.2,1,0.75,1.3,1.8,,,,,,0,,,,,,,,,,,,,,,,,,,,,,log_file/log-438.txt
439,failed-61728,1,1,832,10240,14336,0.9,flashinfer,15360,True,True,True,0.8,71,0.7,1.1,1.0,,,,,,0,,,,,,,,,,,,,,,,,,,,,,log_file/log-439.txt
440,failed-61836,1,1,768,12288,3072,0.8,torch_native,9216,False,True,False,0.9,21,0.5,1.3,1.6,,,,,,0,,,,,,,,,,,,,,,,,,,,,,log_file/log-440.txt
441,failed-61944,1,1,320,28672,4096,0.75,torch_native,14336,True,False,True,0.7,100,0.4,1.5,1.7,,,,,,0,,,,,,,,,,,,,,,,,,,,,,log_file/log-441.txt
442,failed-62052,1,1,640,10240,14336,0.9,flashinfer,13312,False,False,True,0.4,51,0.8,1.8,1.8,,,,,,0,,,,,,,,,,,,,,,,,,,,,,log_file/log-442.txt
443,failed-62160,1,1,128,20480,7168,0.75,torch_native,11264,False,True,False,0.7,41,0.2,1.6,1.1,,,,,,0,,,,,,,,,,,,,,,,,,,,,,log_file/log-443.txt
444,failed-62268,1,1,384,28672,8192,0.85,torch_native,10240,False,False,False,0.4,21,0.55,1.3,1.2,,,,,,0,,,,,,,,,,,,,,,,,,,,,,log_file/log-444.txt
445,failed-62376,1,1,512,10240,7168,0.85,torch_native,14336,False,False,False,0.3,11,0.85,1.7,1.7,,,,,,0,,,,,,,,,,,,,,,,,,,,,,log_file/log-445.txt
446,failed-62484,1,1,896,26624,11264,0.9,flashinfer,10240,True,False,True,0.7,41,0.45,1.8,1.7,,,,,,0,,,,,,,,,,,,,,,,,,,,,,log_file/log-446.txt
447,failed-62592,1,1,384,12288,16384,0.85,flashinfer,13312,False,False,False,0.4,31,1.0,1.7,0.5,,,,,,0,,,,,,,,,,,,,,,,,,,,,,log_file/log-447.txt
448,failed-62700,1,1,768,24576,9216,0.75,flashinfer,9216,True,True,True,0.1,11,0.6,1.8,1.1,,,,,,0,,,,,,,,,,,,,,,,,,,,,,log_file/log-448.txt
449,failed-62808,1,1,320,22528,9216,0.9,flashinfer,13312,False,True,False,0.8,100,0.6,1.1,1.8,,,,,,0,,,,,,,,,,,,,,,,,,,,,,log_file/log-449.txt
450,failed-62916,1,1,576,30720,14336,0.85,flashinfer,12288,False,True,False,0.7,51,0.7,1.3,0.8,,,,,,0,,,,,,,,,,,,,,,,,,,,,,log_file/log-450.txt
451,failed-63024,1,1,704,10240,6144,0.9,flashinfer,16384,True,False,True,0.5,81,0.15,1.0,1.1,,,,,,0,,,,,,,,,,,,,,,,,,,,,,log_file/log-451.txt
452,failed-63132,1,1,640,14336,14336,0.8,torch_native,10240,True,True,True,0.2,11,0.2,1.8,1.5,,,,,,0,,,,,,,,,,,,,,,,,,,,,,log_file/log-452.txt
453,failed-63240,1,1,1024,22528,13312,0.9,torch_native,13312,True,True,True,0.8,21,1.0,1.8,0.9,,,,,,0,,,,,,,,,,,,,,,,,,,,,,log_file/log-453.txt
454,failed-63348,1,1,1024,20480,6144,0.9,flashinfer,11264,False,True,False,0.1,11,0.85,1.3,1.8,,,,,,0,,,,,,,,,,,,,,,,,,,,,,log_file/log-454.txt
455,failed-63456,1,1,512,30720,8192,0.75,flashinfer,16384,False,True,False,0.0,91,0.15,1.1,1.3,,,,,,0,,,,,,,,,,,,,,,,,,,,,,log_file/log-455.txt
456,failed-63564,1,1,832,16384,5120,0.9,torch_native,14336,False,True,True,0.8,31,0.75,1.3,1.2,,,,,,0,,,,,,,,,,,,,,,,,,,,,,log_file/log-456.txt
457,failed-63672,1,1,576,26624,12288,0.85,flashinfer,13312,True,False,True,0.9,11,0.15,1.6,0.9,,,,,,0,,,,,,,,,,,,,,,,,,,,,,log_file/log-457.txt
458,failed-63780,1,1,256,20480,6144,0.9,flashinfer,15360,False,True,False,0.2,1,0.3,1.6,0.3,,,,,,0,,,,,,,,,,,,,,,,,,,,,,log_file/log-458.txt
459,failed-63888,1,1,384,28672,10240,0.85,torch_native,10240,False,True,False,0.7,41,0.8,1.1,1.1,,,,,,0,,,,,,,,,,,,,,,,,,,,,,log_file/log-459.txt
460,failed-63996,1,1,832,24576,5120,0.9,torch_native,9216,True,False,False,0.3,51,0.65,1.6,0.7,,,,,,0,,,,,,,,,,,,,,,,,,,,,,log_file/log-460.txt
461,failed-64104,1,1,448,30720,9216,0.95,torch_native,14336,False,False,False,0.0,41,0.75,1.2,0.2,,,,,,0,,,,,,,,,,,,,,,,,,,,,,log_file/log-461.txt
462,failed-64212,1,1,192,26624,3072,0.8,flashinfer,12288,False,True,True,0.5,100,0.95,2.0,0.5,,,,,,0,,,,,,,,,,,,,,,,,,,,,,log_file/log-462.txt
463,failed-64320,1,1,896,8192,9216,0.75,torch_native,10240,False,False,True,0.9,21,0.8,1.1,0.7,,,,,,0,,,,,,,,,,,,,,,,,,,,,,log_file/log-463.txt
464,failed-64428,1,1,256,16384,7168,0.9,flashinfer,13312,False,True,True,1.0,11,0.8,1.1,1.4,,,,,,0,,,,,,,,,,,,,,,,,,,,,,log_file/log-464.txt
465,failed-64536,1,1,128,22528,3072,0.85,flashinfer,15360,False,True,True,0.5,61,0.85,1.7,0.8,,,,,,0,,,,,,,,,,,,,,,,,,,,,,log_file/log-465.txt
466,failed-64699,1,1,256,32768,9216,0.7,torch_native,9216,True,False,False,0.3,100,0.3,1.1,1.4,,,,,,0,,,,,,,,,,,,,,,,,,,,,,log_file/log-466.txt
467,failed-64807,1,1,256,14336,10240,0.95,flashinfer,9216,True,True,True,0.7,11,0.45,1.0,0.1,,,,,,0,,,,,,,,,,,,,,,,,,,,,,log_file/log-467.txt
468,failed-64915,1,1,192,18432,15360,0.95,torch_native,12288,False,False,True,0.3,31,0.2,1.2,1.3,,,,,,0,,,,,,,,,,,,,,,,,,,,,,log_file/log-468.txt
469,failed-65131,1,1,576,22528,13312,0.7,flashinfer,12288,False,True,False,0.3,81,0.6,1.1,1.1,,,,,,0,,,,,,,,,,,,,,,,,,,,,,log_file/log-469.txt
470,failed-65239,1,1,1024,30720,15360,0.85,torch_native,12288,False,False,False,0.8,11,0.6,1.1,0.8,,,,,,0,,,,,,,,,,,,,,,,,,,,,,log_file/log-470.txt
471,failed-65563,1,1,192,30720,5120,0.75,torch_native,13312,True,True,True,0.4,51,0.5,1.0,0.2,,,,,,0,,,,,,,,,,,,,,,,,,,,,,log_file/log-471.txt
