ID,cfg-agent_config_id,cfg-cycle_budget,cfg-enabled_components,cfg-allow_fs_access,cfg-full_message_count,cfg-shell_command_control,cfg-task_max_duration_s,cfg-information_availability,cfg-num_runs,cfg-ai-model_name,cfg-ai-big_brain,cfg-ai-use_functions_api,cfg-ai-send_token_limit,cfg-ai-cognitive_strategy,cfg-ai-temperature,cfg-ai-max_tokens,cfg-ai-prompt_style,cost-num_tasks,cost-total_duration,cost-total_cycles,cost-total_tokens,cost-avg_tokens_per_task,cost-tokens_per_request_avg,cost-tokens_per_request_std,cost-token_usage_prompt_tokens,cost-token_usage_completion_tokens,cost-token_usage_total_tokens,cost-estimated_cost_usd,cost-cost_total_cost_usd,cost-cost_prompt_cost_usd,cost-cost_completion_cost_usd,obj-success_rate+,obj-num_success+,obj-instruction_adherence_score+,obj-correctness_score+,obj-throughput_tasks_per_sec+,obj-throughput_tokens_per_sec+,obj-cycle_efficiency+,obj-instruction_adherence_response_present+,obj-instruction_adherence_no_error+,obj-instruction_adherence_send_limit_respected+,obj-instruction_adherence_finish_reason_ok+,obj-error_rate-,obj-timeout_rate-,obj-step_timeout_rate-,obj-wall_timeout_rate-,obj-num_failures-,obj-num_timeouts-,obj-num_step_timeouts-,obj-num_wall_timeouts-,obj-avg_task_duration-,obj-median_task_duration-,obj-p95_task_duration-,obj-p99_task_duration-,obj-latency_p50-,obj-latency_p90-,obj-latency_p95-,obj-latency_p99-,obj-avg_cycles_per_task-,obj-avg_steps_per_wall_timeout-,obj-retry_rate-,hw-file,log-file
1,qwen2.5-7b-instruct_bb1_c10_stl2048_one__t0.0_m2048_conc_file_fs1_fmc8_dl_ufa1,10,FileManagerComponent,True,8,denylist,180.0,mixed,1,qwen2.5-7b-instruct,True,True,2048,one_shot,0.0,2048,concise,1,59.877803325653076,10,0,0.0,,,0,0,0,0.0,0.0,0.0,0.0,1.0,1,1.0,0.5,0.016700679458152002,0.0,0.1,1.0,1.0,1.0,1.0,0.0,0.0,0.0,0.0,0,0,0,0,59.8751220703125,59.8751220703125,59.8751220703125,59.8751220703125,59.8751220703125,59.8751220703125,59.8751220703125,59.8751220703125,10.0,,,hw_file/hw-1.txt,log_file/log-1.txt
2,qwen2.5-7b-instruct_bb1_c10_stl2048_one__t0.7_m512_conc_file+code+webs_fs1_fmc4_dl_ufa1,10,FileManagerComponent+CodeExecutorComponent+WebSearchComponent,True,4,denylist,180.0,mixed,1,qwen2.5-7b-instruct,True,True,2048,one_shot,0.7,512,concise,1,83.19935894012451,10,0,0.0,,,0,0,0,0.0,0.0,0.0,0.0,1.0,1,1.0,0.5,0.012019323378677267,0.0,0.1,1.0,1.0,1.0,1.0,0.0,0.0,0.0,0.0,0,0,0,0,83.19694352149963,83.19694352149963,83.19694352149963,83.19694352149963,83.19694352149963,83.19694352149963,83.19694352149963,83.19694352149963,10.0,,,hw_file/hw-2.txt,log_file/log-2.txt
3,qwen2.5-7b-instruct_bb1_c10_stlinf_one__t0.0_m512_conc_file+code+webs+cont_fs1_fmc2_dl_ufa0,10,FileManagerComponent+CodeExecutorComponent+WebSearchComponent+ContextComponent,True,2,denylist,180.0,mixed,1,qwen2.5-7b-instruct,True,False,,one_shot,0.0,512,concise,1,44.51072883605957,10,11437,11437.0,11437.0,0.0,7100,4337,11437,0.0,0.0,0.0,0.0,1.0,1,1.0,0.5,0.022466493498301647,256.94928614007597,0.1,1.0,1.0,1.0,1.0,0.0,0.0,0.0,0.0,0,0,0,0,44.50853204727173,44.50853204727173,44.50853204727173,44.50853204727173,44.50853204727173,44.50853204727173,44.50853204727173,44.50853204727173,10.0,,,hw_file/hw-3.txt,log_file/log-3.txt
4,qwen2.5-7b-instruct_bb1_c10_stlinf_one__t0.7_m2048_conc_file+code+webs+cont_fs1_fmc4_al_ufa0,10,FileManagerComponent+CodeExecutorComponent+WebSearchComponent+ContextComponent,True,4,allowlist,180.0,mixed,1,qwen2.5-7b-instruct,True,False,,one_shot,0.7,2048,concise,1,35.471041202545166,10,10446,10446.0,10446.0,0.0,7100,3346,10446,0.0,0.0,0.0,0.0,1.0,1,1.0,0.5,0.02819201145773659,294.4937516875164,0.1,1.0,1.0,1.0,1.0,0.0,0.0,0.0,0.0,0,0,0,0,35.46873426437378,35.46873426437378,35.46873426437378,35.46873426437378,35.46873426437378,35.46873426437378,35.46873426437378,35.46873426437378,10.0,,,hw_file/hw-4.txt,log_file/log-4.txt
5,qwen2.5-7b-instruct_bb1_c10_stlinf_one__t0.7_m2048_conc_file+code+webs+cont_fs1_fmc4_dl_ufa0,10,FileManagerComponent+CodeExecutorComponent+WebSearchComponent+ContextComponent,True,4,denylist,180.0,mixed,1,qwen2.5-7b-instruct,True,False,,one_shot,0.7,2048,concise,1,40.755576848983765,10,10975,10975.0,10975.0,0.0,7100,3875,10975,0.0,0.0,0.0,0.0,1.0,1,1.0,0.5,0.024536519350601093,269.288299872847,0.1,1.0,1.0,1.0,1.0,0.0,0.0,0.0,0.0,0,0,0,0,40.753217935562134,40.753217935562134,40.753217935562134,40.753217935562134,40.753217935562134,40.753217935562134,40.753217935562134,40.753217935562134,10.0,,,hw_file/hw-5.txt,log_file/log-5.txt
6,qwen2.5-7b-instruct_bb1_c10_stlinf_one__t0.7_m512_conc_file_fs0_fmc8_dl_ufa1,10,FileManagerComponent,False,8,denylist,180.0,mixed,1,qwen2.5-7b-instruct,True,True,,one_shot,0.7,512,concise,1,118.63523292541504,10,0,0.0,,,0,0,0,0.0,0.0,0.0,0.0,1.0,1,1.0,0.5,0.008429199111773915,0.0,0.1,1.0,1.0,1.0,1.0,0.0,0.0,0.0,0.0,0,0,0,0,118.63297843933105,118.63297843933105,118.63297843933105,118.63297843933105,118.63297843933105,118.63297843933105,118.63297843933105,118.63297843933105,10.0,,,hw_file/hw-6.txt,log_file/log-6.txt
7,qwen2.5-7b-instruct_bb1_c25_stl2048_one__t0.7_m512_conc_file+code+webs+cont_fs0_fmc2_dl_ufa0,25,FileManagerComponent+CodeExecutorComponent+WebSearchComponent+ContextComponent,False,2,denylist,180.0,mixed,1,qwen2.5-7b-instruct,True,False,2048,one_shot,0.7,512,concise,1,84.68729066848755,25,23622,23622.0,23622.0,0.0,15650,7972,23622,0.0,0.0,0.0,0.0,1.0,1,1.0,0.5,0.011808147268691685,278.93205478103494,0.04,1.0,1.0,1.0,1.0,0.0,0.0,0.0,0.0,0,0,0,0,84.68494939804077,84.68494939804077,84.68494939804077,84.68494939804077,84.68494939804077,84.68494939804077,84.68494939804077,84.68494939804077,25.0,,,hw_file/hw-7.txt,log_file/log-7.txt
8,qwen2.5-7b-instruct_bb1_c25_stl2048_one__t0.7_m512_conc_file+code_fs1_fmc8_al_ufa1,25,FileManagerComponent+CodeExecutorComponent,True,8,allowlist,180.0,mixed,1,qwen2.5-7b-instruct,True,True,2048,one_shot,0.7,512,concise,1,180.00780320167542,21,0,0.0,,,0,0,0,0.0,0.0,0.0,0.0,0.0,0,0.5,,0.005555314726437884,0.0,0.047619047619047616,0.0,0.0,1.0,1.0,0.0,1.0,0.0,1.0,0,1,0,1,180.0067241191864,180.0067241191864,180.0067241191864,180.0067241191864,180.0067241191864,180.0067241191864,180.0067241191864,180.0067241191864,21.0,21.0,,hw_file/hw-8.txt,log_file/log-8.txt
9,qwen2.5-7b-instruct_bb1_c25_stlinf_one__t0.0_m2048_conc_file_fs1_fmc8_dl_ufa0,25,FileManagerComponent,True,8,denylist,180.0,mixed,1,qwen2.5-7b-instruct,True,False,,one_shot,0.0,2048,concise,1,96.60822057723999,25,23460,23460.0,23460.0,0.0,14034,9426,23460,0.0,0.0,0.0,0.0,1.0,1,1.0,0.5,0.01035108600515504,242.83647768093724,0.04,1.0,1.0,1.0,1.0,0.0,0.0,0.0,0.0,0,0,0,0,96.60573506355286,96.60573506355286,96.60573506355286,96.60573506355286,96.60573506355286,96.60573506355286,96.60573506355286,96.60573506355286,25.0,,,hw_file/hw-9.txt,log_file/log-9.txt
10,qwen2.5-7b-instruct_bb1_c25_stlinf_one__t0.7_m2048_conc_file_fs0_fmc2_al_ufa0,25,FileManagerComponent,False,2,allowlist,180.0,mixed,1,qwen2.5-7b-instruct,True,False,,one_shot,0.7,2048,concise,1,89.93505644798279,25,20653,20653.0,20653.0,0.0,12072,8581,20653,0.0,0.0,0.0,0.0,1.0,1,1.0,0.5,0.011119134623308836,229.6434873751974,0.04,1.0,1.0,1.0,1.0,0.0,0.0,0.0,0.0,0,0,0,0,89.93261384963989,89.93261384963989,89.93261384963989,89.93261384963989,89.93261384963989,89.93261384963989,89.93261384963989,89.93261384963989,25.0,,,hw_file/hw-10.txt,log_file/log-10.txt
11,qwen2.5-7b-instruct_bb1_c25_stlinf_one__t0.7_m512_conc_file+code_fs0_fmc8_dl_ufa0,25,FileManagerComponent+CodeExecutorComponent,False,8,denylist,180.0,mixed,1,qwen2.5-7b-instruct,True,False,,one_shot,0.7,512,concise,1,104.42287111282349,25,22952,22952.0,22952.0,0.0,13000,9952,22952,0.0,0.0,0.0,0.0,1.0,1,1.0,0.5,0.009576446130460749,219.7985915863351,0.04,1.0,1.0,1.0,1.0,0.0,0.0,0.0,0.0,0,0,0,0,104.42052745819092,104.42052745819092,104.42052745819092,104.42052745819092,104.42052745819092,104.42052745819092,104.42052745819092,104.42052745819092,25.0,,,hw_file/hw-11.txt,log_file/log-11.txt
12,qwen2.5-7b-instruct_bb1_c3_stl2048_one__t0.0_m512_conc_file+code_fs1_fmc8_dl_ufa1,3,FileManagerComponent+CodeExecutorComponent,True,8,denylist,180.0,mixed,1,qwen2.5-7b-instruct,True,True,2048,one_shot,0.0,512,concise,1,26.872195720672607,3,0,0.0,,,0,0,0,0.0,0.0,0.0,0.0,1.0,1,1.0,0.5,0.03721318534572545,0.0,0.3333333333333333,1.0,1.0,1.0,1.0,0.0,0.0,0.0,0.0,0,0,0,0,26.86988639831543,26.86988639831543,26.86988639831543,26.86988639831543,26.86988639831543,26.86988639831543,26.86988639831543,26.86988639831543,3.0,,,hw_file/hw-12.txt,log_file/log-12.txt
13,qwen2.5-7b-instruct_bb1_c3_stlinf_one__t0.0_m2048_conc_file+code_fs1_fmc4_al_ufa1,3,FileManagerComponent+CodeExecutorComponent,True,4,allowlist,180.0,mixed,1,qwen2.5-7b-instruct,True,True,,one_shot,0.0,2048,concise,1,26.92873477935791,3,0,0.0,,,0,0,0,0.0,0.0,0.0,0.0,1.0,1,1.0,0.5,0.03713505325049824,0.0,0.3333333333333333,1.0,1.0,1.0,1.0,0.0,0.0,0.0,0.0,0,0,0,0,26.926342964172363,26.926342964172363,26.926342964172363,26.926342964172363,26.926342964172363,26.926342964172363,26.926342964172363,26.926342964172363,3.0,,,hw_file/hw-13.txt,log_file/log-13.txt
14,qwen2.5-7b-instruct_bb1_c3_stlinf_one__t0.0_m2048_conc_file_fs0_fmc2_al_ufa0,3,FileManagerComponent,False,2,allowlist,180.0,mixed,1,qwen2.5-7b-instruct,True,False,,one_shot,0.0,2048,concise,1,19.610078811645508,3,3129,3129.0,3129.0,0.0,1185,1944,3129,0.0,0.0,0.0,0.0,1.0,1,1.0,0.5,0.050994185673855975,159.56080697349535,0.3333333333333333,1.0,1.0,1.0,1.0,0.0,0.0,0.0,0.0,0,0,0,0,19.607744693756104,19.607744693756104,19.607744693756104,19.607744693756104,19.607744693756104,19.607744693756104,19.607744693756104,19.607744693756104,3.0,,,hw_file/hw-14.txt,log_file/log-14.txt
15,qwen2.5-7b-instruct_bb1_c3_stlinf_one__t0.0_m2048_conc_file_fs0_fmc2_al_ufa1,3,FileManagerComponent,False,2,allowlist,180.0,mixed,1,qwen2.5-7b-instruct,True,True,,one_shot,0.0,2048,concise,1,16.966989517211914,3,0,0.0,,,0,0,0,0.0,0.0,0.0,0.0,1.0,1,1.0,0.0,0.05893797476479635,0.0,0.3333333333333333,1.0,1.0,1.0,1.0,0.0,0.0,0.0,0.0,0,0,0,0,16.964685440063477,16.964685440063477,16.964685440063477,16.964685440063477,16.964685440063477,16.964685440063477,16.964685440063477,16.964685440063477,3.0,,,hw_file/hw-15.txt,log_file/log-15.txt
16,qwen2.5-7b-instruct_bb1_c3_stlinf_one__t0.0_m2048_conc_file_fs0_fmc2_dl_ufa0,3,FileManagerComponent,False,2,denylist,180.0,mixed,1,qwen2.5-7b-instruct,True,False,,one_shot,0.0,2048,concise,1,19.607847213745117,3,3129,3129.0,3129.0,0.0,1185,1944,3129,0.0,0.0,0.0,0.0,1.0,1,1.0,0.5,0.05099998939705115,159.57896682337307,0.3333333333333333,1.0,1.0,1.0,1.0,0.0,0.0,0.0,0.0,0,0,0,0,19.605478525161743,19.605478525161743,19.605478525161743,19.605478525161743,19.605478525161743,19.605478525161743,19.605478525161743,19.605478525161743,3.0,,,hw_file/hw-16.txt,log_file/log-16.txt
17,qwen2.5-7b-instruct_bb1_c3_stlinf_one__t0.0_m2048_conc_file_fs0_fmc2_dl_ufa1,3,FileManagerComponent,False,2,denylist,180.0,mixed,1,qwen2.5-7b-instruct,True,True,,one_shot,0.0,2048,concise,1,16.92862892150879,3,0,0.0,,,0,0,0,0.0,0.0,0.0,0.0,1.0,1,1.0,0.0,0.0590715293386485,0.0,0.3333333333333333,1.0,1.0,1.0,1.0,0.0,0.0,0.0,0.0,0,0,0,0,16.92624831199646,16.92624831199646,16.92624831199646,16.92624831199646,16.92624831199646,16.92624831199646,16.92624831199646,16.92624831199646,3.0,,,hw_file/hw-17.txt,log_file/log-17.txt
18,qwen2.5-7b-instruct_bb1_c3_stlinf_one__t0.0_m2048_conc_file_fs0_fmc4_al_ufa0,3,FileManagerComponent,False,4,allowlist,180.0,mixed,1,qwen2.5-7b-instruct,True,False,,one_shot,0.0,2048,concise,1,19.59478259086609,3,3129,3129.0,3129.0,0.0,1185,1944,3129,0.0,0.0,0.0,0.0,1.0,1,1.0,0.5,0.05103399312356443,159.6853644836331,0.3333333333333333,1.0,1.0,1.0,1.0,0.0,0.0,0.0,0.0,0,0,0,0,19.592365980148315,19.592365980148315,19.592365980148315,19.592365980148315,19.592365980148315,19.592365980148315,19.592365980148315,19.592365980148315,3.0,,,hw_file/hw-18.txt,log_file/log-18.txt
19,qwen2.5-7b-instruct_bb1_c3_stlinf_one__t0.0_m2048_conc_file_fs0_fmc4_al_ufa1,3,FileManagerComponent,False,4,allowlist,180.0,mixed,1,qwen2.5-7b-instruct,True,True,,one_shot,0.0,2048,concise,1,16.922411918640137,3,0,0.0,,,0,0,0,0.0,0.0,0.0,0.0,1.0,1,1.0,0.0,0.05909323120178242,0.0,0.3333333333333333,1.0,1.0,1.0,1.0,0.0,0.0,0.0,0.0,0,0,0,0,16.91997265815735,16.91997265815735,16.91997265815735,16.91997265815735,16.91997265815735,16.91997265815735,16.91997265815735,16.91997265815735,3.0,,,hw_file/hw-19.txt,log_file/log-19.txt
20,qwen2.5-7b-instruct_bb1_c3_stlinf_one__t0.0_m2048_conc_file_fs0_fmc4_dl_ufa0,3,FileManagerComponent,False,4,denylist,180.0,mixed,1,qwen2.5-7b-instruct,True,False,,one_shot,0.0,2048,concise,1,19.563508987426758,3,3129,3129.0,3129.0,0.0,1185,1944,3129,0.0,0.0,0.0,0.0,1.0,1,1.0,0.5,0.051115574442329774,159.94063243004987,0.3333333333333333,1.0,1.0,1.0,1.0,0.0,0.0,0.0,0.0,0,0,0,0,19.561214447021484,19.561214447021484,19.561214447021484,19.561214447021484,19.561214447021484,19.561214447021484,19.561214447021484,19.561214447021484,3.0,,,hw_file/hw-20.txt,log_file/log-20.txt
21,qwen2.5-7b-instruct_bb1_c3_stlinf_one__t0.0_m2048_conc_file_fs0_fmc4_dl_ufa1,3,FileManagerComponent,False,4,denylist,180.0,mixed,1,qwen2.5-7b-instruct,True,True,,one_shot,0.0,2048,concise,1,16.927286863327026,3,0,0.0,,,0,0,0,0.0,0.0,0.0,0.0,1.0,1,1.0,0.0,0.05907621274892555,0.0,0.3333333333333333,1.0,1.0,1.0,1.0,0.0,0.0,0.0,0.0,0,0,0,0,16.92489790916443,16.92489790916443,16.92489790916443,16.92489790916443,16.92489790916443,16.92489790916443,16.92489790916443,16.92489790916443,3.0,,,hw_file/hw-21.txt,log_file/log-21.txt
22,qwen2.5-7b-instruct_bb1_c3_stlinf_one__t0.0_m2048_conc_file_fs0_fmc8_al_ufa0,3,FileManagerComponent,False,8,allowlist,180.0,mixed,1,qwen2.5-7b-instruct,True,False,,one_shot,0.0,2048,concise,1,19.511547088623047,3,3129,3129.0,3129.0,0.0,1185,1944,3129,0.0,0.0,0.0,0.0,1.0,1,1.0,0.5,0.05125170215657006,160.3665760479077,0.3333333333333333,1.0,1.0,1.0,1.0,0.0,0.0,0.0,0.0,0,0,0,0,19.50930666923523,19.50930666923523,19.50930666923523,19.50930666923523,19.50930666923523,19.50930666923523,19.50930666923523,19.50930666923523,3.0,,,hw_file/hw-22.txt,log_file/log-22.txt
23,qwen2.5-7b-instruct_bb1_c3_stlinf_one__t0.0_m2048_conc_file_fs0_fmc8_al_ufa1,3,FileManagerComponent,False,8,allowlist,180.0,mixed,1,qwen2.5-7b-instruct,True,True,,one_shot,0.0,2048,concise,1,16.900716304779053,3,0,0.0,,,0,0,0,0.0,0.0,0.0,0.0,1.0,1,1.0,0.0,0.059169089757291994,0.0,0.3333333333333333,1.0,1.0,1.0,1.0,0.0,0.0,0.0,0.0,0,0,0,0,16.898324489593506,16.898324489593506,16.898324489593506,16.898324489593506,16.898324489593506,16.898324489593506,16.898324489593506,16.898324489593506,3.0,,,hw_file/hw-23.txt,log_file/log-23.txt
24,qwen2.5-7b-instruct_bb1_c3_stlinf_one__t0.0_m2048_conc_file_fs0_fmc8_dl_ufa0,3,FileManagerComponent,False,8,denylist,180.0,mixed,1,qwen2.5-7b-instruct,True,False,,one_shot,0.0,2048,concise,1,19.522163152694702,3,3129,3129.0,3129.0,0.0,1185,1944,3129,0.0,0.0,0.0,0.0,1.0,1,1.0,0.5,0.05122383171262284,160.27936942879688,0.3333333333333333,1.0,1.0,1.0,1.0,0.0,0.0,0.0,0.0,0,0,0,0,19.51992630958557,19.51992630958557,19.51992630958557,19.51992630958557,19.51992630958557,19.51992630958557,19.51992630958557,19.51992630958557,3.0,,,hw_file/hw-24.txt,log_file/log-24.txt
25,qwen2.5-7b-instruct_bb1_c3_stlinf_one__t0.0_m2048_conc_file_fs0_fmc8_dl_ufa1,3,FileManagerComponent,False,8,denylist,180.0,mixed,1,qwen2.5-7b-instruct,True,True,,one_shot,0.0,2048,concise,1,16.952716588974,3,0,0.0,,,0,0,0,0.0,0.0,0.0,0.0,1.0,1,1.0,0.0,0.05898759616204504,0.0,0.3333333333333333,1.0,1.0,1.0,1.0,0.0,0.0,0.0,0.0,0,0,0,0,16.95037817955017,16.95037817955017,16.95037817955017,16.95037817955017,16.95037817955017,16.95037817955017,16.95037817955017,16.95037817955017,3.0,,,hw_file/hw-25.txt,log_file/log-25.txt
26,qwen2.5-7b-instruct_bb1_c3_stlinf_one__t0.0_m2048_conc_file_fs1_fmc2_al_ufa0,3,FileManagerComponent,True,2,allowlist,180.0,mixed,1,qwen2.5-7b-instruct,True,False,,one_shot,0.0,2048,concise,1,9.214171648025513,3,2317,2317.0,2317.0,0.0,1434,883,2317,0.0,0.0,0.0,0.0,1.0,1,1.0,,0.10852847528776915,251.4604772417611,0.3333333333333333,1.0,1.0,1.0,1.0,0.0,0.0,0.0,0.0,0,0,0,0,9.211963891983032,9.211963891983032,9.211963891983032,9.211963891983032,9.211963891983032,9.211963891983032,9.211963891983032,9.211963891983032,3.0,,,hw_file/hw-26.txt,log_file/log-26.txt
27,qwen2.5-7b-instruct_bb1_c3_stlinf_one__t0.0_m2048_conc_file_fs1_fmc2_al_ufa1,3,FileManagerComponent,True,2,allowlist,180.0,mixed,1,qwen2.5-7b-instruct,True,True,,one_shot,0.0,2048,concise,1,35.58048367500305,3,0,0.0,,,0,0,0,0.0,0.0,0.0,0.0,1.0,1,1.0,0.0,0.02810529528305841,0.0,0.3333333333333333,1.0,1.0,1.0,1.0,0.0,0.0,0.0,0.0,0,0,0,0,35.57817339897156,35.57817339897156,35.57817339897156,35.57817339897156,35.57817339897156,35.57817339897156,35.57817339897156,35.57817339897156,3.0,,,hw_file/hw-27.txt,log_file/log-27.txt
28,qwen2.5-7b-instruct_bb1_c3_stlinf_one__t0.0_m2048_conc_file_fs1_fmc2_dl_ufa0,3,FileManagerComponent,True,2,denylist,180.0,mixed,1,qwen2.5-7b-instruct,True,False,,one_shot,0.0,2048,concise,1,5.6749327182769775,3,1956,1956.0,1956.0,0.0,1434,522,1956,0.0,0.0,0.0,0.0,1.0,1,1.0,0.5,0.17621354289881694,344.67368991008595,0.3333333333333333,1.0,1.0,1.0,1.0,0.0,0.0,0.0,0.0,0,0,0,0,5.672523021697998,5.672523021697998,5.672523021697998,5.672523021697998,5.672523021697998,5.672523021697998,5.672523021697998,5.672523021697998,3.0,,,hw_file/hw-28.txt,log_file/log-28.txt
29,qwen2.5-7b-instruct_bb1_c3_stlinf_one__t0.0_m2048_conc_file_fs1_fmc2_dl_ufa1,3,FileManagerComponent,True,2,denylist,180.0,mixed,1,qwen2.5-7b-instruct,True,True,,one_shot,0.0,2048,concise,1,37.11109471321106,3,0,0.0,,,0,0,0,0.0,0.0,0.0,0.0,1.0,1,1.0,0.0,0.026946119690832326,0.0,0.3333333333333333,1.0,1.0,1.0,1.0,0.0,0.0,0.0,0.0,0,0,0,0,37.10871934890747,37.10871934890747,37.10871934890747,37.10871934890747,37.10871934890747,37.10871934890747,37.10871934890747,37.10871934890747,3.0,,,hw_file/hw-29.txt,log_file/log-29.txt
30,qwen2.5-7b-instruct_bb1_c3_stlinf_one__t0.0_m2048_conc_file_fs1_fmc4_al_ufa0,3,FileManagerComponent,True,4,allowlist,180.0,mixed,1,qwen2.5-7b-instruct,True,False,,one_shot,0.0,2048,concise,1,5.689789295196533,3,1956,1956.0,1956.0,0.0,1434,522,1956,0.0,0.0,0.0,0.0,1.0,1,1.0,0.5,0.17575343270518395,343.77371437133985,0.3333333333333333,1.0,1.0,1.0,1.0,0.0,0.0,0.0,0.0,0,0,0,0,5.687393426895142,5.687393426895142,5.687393426895142,5.687393426895142,5.687393426895142,5.687393426895142,5.687393426895142,5.687393426895142,3.0,,,hw_file/hw-30.txt,log_file/log-30.txt
31,qwen2.5-7b-instruct_bb1_c3_stlinf_one__t0.0_m2048_conc_file_fs1_fmc4_al_ufa1,3,FileManagerComponent,True,4,allowlist,180.0,mixed,1,qwen2.5-7b-instruct,True,True,,one_shot,0.0,2048,concise,1,37.11638140678406,3,0,0.0,,,0,0,0,0.0,0.0,0.0,0.0,1.0,1,1.0,0.0,0.026942281604456785,0.0,0.3333333333333333,1.0,1.0,1.0,1.0,0.0,0.0,0.0,0.0,0,0,0,0,37.11408972740173,37.11408972740173,37.11408972740173,37.11408972740173,37.11408972740173,37.11408972740173,37.11408972740173,37.11408972740173,3.0,,,hw_file/hw-31.txt,log_file/log-31.txt
32,qwen2.5-7b-instruct_bb1_c3_stlinf_one__t0.0_m2048_conc_file_fs1_fmc4_dl_ufa0,3,FileManagerComponent,True,4,denylist,180.0,mixed,1,qwen2.5-7b-instruct,True,False,,one_shot,0.0,2048,concise,1,5.685022830963135,3,1956,1956.0,1956.0,0.0,1434,522,1956,0.0,0.0,0.0,0.0,1.0,1,1.0,0.5,0.17590078874504428,344.06194278530666,0.3333333333333333,1.0,1.0,1.0,1.0,0.0,0.0,0.0,0.0,0,0,0,0,5.682660102844238,5.682660102844238,5.682660102844238,5.682660102844238,5.682660102844238,5.682660102844238,5.682660102844238,5.682660102844238,3.0,,,hw_file/hw-32.txt,log_file/log-32.txt
33,qwen2.5-7b-instruct_bb1_c3_stlinf_one__t0.0_m2048_conc_file_fs1_fmc4_dl_ufa1,3,FileManagerComponent,True,4,denylist,180.0,mixed,1,qwen2.5-7b-instruct,True,True,,one_shot,0.0,2048,concise,1,37.095088481903076,3,0,0.0,,,0,0,0,0.0,0.0,0.0,0.0,1.0,1,1.0,0.0,0.026957746724013135,0.0,0.3333333333333333,1.0,1.0,1.0,1.0,0.0,0.0,0.0,0.0,0,0,0,0,37.093342304229736,37.093342304229736,37.093342304229736,37.093342304229736,37.093342304229736,37.093342304229736,37.093342304229736,37.093342304229736,3.0,,,hw_file/hw-33.txt,log_file/log-33.txt
34,qwen2.5-7b-instruct_bb1_c3_stlinf_one__t0.0_m2048_conc_file_fs1_fmc8_al_ufa0,3,FileManagerComponent,True,8,allowlist,180.0,mixed,1,qwen2.5-7b-instruct,True,False,,one_shot,0.0,2048,concise,1,5.6551594734191895,3,1956,1956.0,1956.0,0.0,1434,522,1956,0.0,0.0,0.0,0.0,1.0,1,1.0,0.5,0.1768296729208568,345.8788402331959,0.3333333333333333,1.0,1.0,1.0,1.0,0.0,0.0,0.0,0.0,0,0,0,0,5.653040647506714,5.653040647506714,5.653040647506714,5.653040647506714,5.653040647506714,5.653040647506714,5.653040647506714,5.653040647506714,3.0,,,hw_file/hw-34.txt,log_file/log-34.txt
35,qwen2.5-7b-instruct_bb1_c3_stlinf_one__t0.0_m2048_conc_file_fs1_fmc8_al_ufa1,3,FileManagerComponent,True,8,allowlist,180.0,mixed,1,qwen2.5-7b-instruct,True,True,,one_shot,0.0,2048,concise,1,37.099164962768555,3,0,0.0,,,0,0,0,0.0,0.0,0.0,0.0,1.0,1,1.0,0.0,0.026954784588913674,0.0,0.3333333333333333,1.0,1.0,1.0,1.0,0.0,0.0,0.0,0.0,0,0,0,0,37.09693646430969,37.09693646430969,37.09693646430969,37.09693646430969,37.09693646430969,37.09693646430969,37.09693646430969,37.09693646430969,3.0,,,hw_file/hw-35.txt,log_file/log-35.txt
36,qwen2.5-7b-instruct_bb1_c3_stlinf_one__t0.0_m2048_conc_file_fs1_fmc8_dl_ufa0,3,FileManagerComponent,True,8,denylist,180.0,mixed,1,qwen2.5-7b-instruct,True,False,,one_shot,0.0,2048,concise,1,5.685567378997803,3,1956,1956.0,1956.0,0.0,1434,522,1956,0.0,0.0,0.0,0.0,1.0,1,1.0,0.5,0.17588394145040814,344.02898947699833,0.3333333333333333,1.0,1.0,1.0,1.0,0.0,0.0,0.0,0.0,0,0,0,0,5.683173179626465,5.683173179626465,5.683173179626465,5.683173179626465,5.683173179626465,5.683173179626465,5.683173179626465,5.683173179626465,3.0,,,hw_file/hw-36.txt,log_file/log-36.txt
37,qwen2.5-7b-instruct_bb1_c3_stlinf_one__t0.0_m2048_conc_file_fs1_fmc8_dl_ufa1,3,FileManagerComponent,True,8,denylist,180.0,mixed,1,qwen2.5-7b-instruct,True,True,,one_shot,0.0,2048,concise,1,37.11278438568115,3,0,0.0,,,0,0,0,0.0,0.0,0.0,0.0,1.0,1,1.0,0.0,0.02694489288671695,0.0,0.3333333333333333,1.0,1.0,1.0,1.0,0.0,0.0,0.0,0.0,0,0,0,0,37.10975527763367,37.10975527763367,37.10975527763367,37.10975527763367,37.10975527763367,37.10975527763367,37.10975527763367,37.10975527763367,3.0,,,hw_file/hw-37.txt,log_file/log-37.txt
38,qwen2.5-7b-instruct_bb1_c3_stlinf_one__t0.0_m512_conc_file_fs0_fmc2_al_ufa0,3,FileManagerComponent,False,2,allowlist,180.0,mixed,1,qwen2.5-7b-instruct,True,False,,one_shot,0.0,512,concise,1,15.612424612045288,3,2721,2721.0,2721.0,0.0,1185,1536,2721,0.0,0.0,0.0,0.0,1.0,1,1.0,0.5,0.06405155027800619,174.28426830645483,0.3333333333333333,1.0,1.0,1.0,1.0,0.0,0.0,0.0,0.0,0,0,0,0,15.61010456085205,15.61010456085205,15.61010456085205,15.61010456085205,15.61010456085205,15.61010456085205,15.61010456085205,15.61010456085205,3.0,,,hw_file/hw-38.txt,log_file/log-38.txt
39,qwen2.5-7b-instruct_bb1_c3_stlinf_one__t0.0_m512_conc_file_fs0_fmc2_al_ufa1,3,FileManagerComponent,False,2,allowlist,180.0,mixed,1,qwen2.5-7b-instruct,True,True,,one_shot,0.0,512,concise,1,16.8974871635437,3,0,0.0,,,0,0,0,0.0,0.0,0.0,0.0,1.0,1,1.0,0.0,0.05918039708043089,0.0,0.3333333333333333,1.0,1.0,1.0,1.0,0.0,0.0,0.0,0.0,0,0,0,0,16.895146369934082,16.895146369934082,16.895146369934082,16.895146369934082,16.895146369934082,16.895146369934082,16.895146369934082,16.895146369934082,3.0,,,hw_file/hw-39.txt,log_file/log-39.txt
40,qwen2.5-7b-instruct_bb1_c3_stlinf_one__t0.0_m512_conc_file_fs0_fmc2_dl_ufa0,3,FileManagerComponent,False,2,denylist,180.0,mixed,1,qwen2.5-7b-instruct,True,False,,one_shot,0.0,512,concise,1,15.602691650390625,3,2721,2721.0,2721.0,0.0,1185,1536,2721,0.0,0.0,0.0,0.0,1.0,1,1.0,0.5,0.06409150564575596,174.39298686210194,0.3333333333333333,1.0,1.0,1.0,1.0,0.0,0.0,0.0,0.0,0,0,0,0,15.600297212600708,15.600297212600708,15.600297212600708,15.600297212600708,15.600297212600708,15.600297212600708,15.600297212600708,15.600297212600708,3.0,,,hw_file/hw-40.txt,log_file/log-40.txt
41,qwen2.5-7b-instruct_bb1_c3_stlinf_one__t0.0_m512_conc_file_fs0_fmc2_dl_ufa1,3,FileManagerComponent,False,2,denylist,180.0,mixed,1,qwen2.5-7b-instruct,True,True,,one_shot,0.0,512,concise,1,16.937370777130127,3,0,0.0,,,0,0,0,0.0,0.0,0.0,0.0,1.0,1,1.0,0.0,0.05904104085329826,0.0,0.3333333333333333,1.0,1.0,1.0,1.0,0.0,0.0,0.0,0.0,0,0,0,0,16.934643983840942,16.934643983840942,16.934643983840942,16.934643983840942,16.934643983840942,16.934643983840942,16.934643983840942,16.934643983840942,3.0,,,hw_file/hw-41.txt,log_file/log-41.txt
42,qwen2.5-7b-instruct_bb1_c3_stlinf_one__t0.0_m512_conc_file_fs0_fmc4_al_ufa0,3,FileManagerComponent,False,4,allowlist,180.0,mixed,1,qwen2.5-7b-instruct,True,False,,one_shot,0.0,512,concise,1,15.637474536895752,3,2721,2721.0,2721.0,0.0,1185,1536,2721,0.0,0.0,0.0,0.0,1.0,1,1.0,0.5,0.06394894505762778,174.00507950180523,0.3333333333333333,1.0,1.0,1.0,1.0,0.0,0.0,0.0,0.0,0,0,0,0,15.634888887405396,15.634888887405396,15.634888887405396,15.634888887405396,15.634888887405396,15.634888887405396,15.634888887405396,15.634888887405396,3.0,,,hw_file/hw-42.txt,log_file/log-42.txt
43,qwen2.5-7b-instruct_bb1_c3_stlinf_one__t0.0_m512_conc_file_fs0_fmc4_al_ufa1,3,FileManagerComponent,False,4,allowlist,180.0,mixed,1,qwen2.5-7b-instruct,True,True,,one_shot,0.0,512,concise,1,16.885727882385254,3,0,0.0,,,0,0,0,0.0,0.0,0.0,0.0,1.0,1,1.0,0.0,0.05922161052015849,0.0,0.3333333333333333,1.0,1.0,1.0,1.0,0.0,0.0,0.0,0.0,0,0,0,0,16.88322925567627,16.88322925567627,16.88322925567627,16.88322925567627,16.88322925567627,16.88322925567627,16.88322925567627,16.88322925567627,3.0,,,hw_file/hw-43.txt,log_file/log-43.txt
44,qwen2.5-7b-instruct_bb1_c3_stlinf_one__t0.0_m512_conc_file_fs0_fmc4_dl_ufa0,3,FileManagerComponent,False,4,denylist,180.0,mixed,1,qwen2.5-7b-instruct,True,False,,one_shot,0.0,512,concise,1,15.560862302780151,3,2721,2721.0,2721.0,0.0,1185,1536,2721,0.0,0.0,0.0,0.0,1.0,1,1.0,0.5,0.06426379081969878,174.8617748204004,0.3333333333333333,1.0,1.0,1.0,1.0,0.0,0.0,0.0,0.0,0,0,0,0,15.558519124984741,15.558519124984741,15.558519124984741,15.558519124984741,15.558519124984741,15.558519124984741,15.558519124984741,15.558519124984741,3.0,,,hw_file/hw-44.txt,log_file/log-44.txt
45,qwen2.5-7b-instruct_bb1_c3_stlinf_one__t0.0_m512_conc_file_fs0_fmc4_dl_ufa1,3,FileManagerComponent,False,4,denylist,180.0,mixed,1,qwen2.5-7b-instruct,True,True,,one_shot,0.0,512,concise,1,16.915199041366577,3,0,0.0,,,0,0,0,0.0,0.0,0.0,0.0,1.0,1,1.0,0.0,0.05911842938143813,0.0,0.3333333333333333,1.0,1.0,1.0,1.0,0.0,0.0,0.0,0.0,0,0,0,0,16.91288471221924,16.91288471221924,16.91288471221924,16.91288471221924,16.91288471221924,16.91288471221924,16.91288471221924,16.91288471221924,3.0,,,hw_file/hw-45.txt,log_file/log-45.txt
46,qwen2.5-7b-instruct_bb1_c3_stlinf_one__t0.0_m512_conc_file_fs0_fmc8_al_ufa0,3,FileManagerComponent,False,8,allowlist,180.0,mixed,1,qwen2.5-7b-instruct,True,False,,one_shot,0.0,512,concise,1,15.593338966369629,3,2721,2721.0,2721.0,0.0,1185,1536,2721,0.0,0.0,0.0,0.0,1.0,1,1.0,0.5,0.06412994690596503,174.49758553113085,0.3333333333333333,1.0,1.0,1.0,1.0,0.0,0.0,0.0,0.0,0,0,0,0,15.590747833251953,15.590747833251953,15.590747833251953,15.590747833251953,15.590747833251953,15.590747833251953,15.590747833251953,15.590747833251953,3.0,,,hw_file/hw-46.txt,log_file/log-46.txt
47,qwen2.5-7b-instruct_bb1_c3_stlinf_one__t0.0_m512_conc_file_fs0_fmc8_al_ufa1,3,FileManagerComponent,False,8,allowlist,180.0,mixed,1,qwen2.5-7b-instruct,True,True,,one_shot,0.0,512,concise,1,16.92057228088379,3,0,0.0,,,0,0,0,0.0,0.0,0.0,0.0,1.0,1,1.0,0.0,0.05909965593360938,0.0,0.3333333333333333,1.0,1.0,1.0,1.0,0.0,0.0,0.0,0.0,0,0,0,0,16.91827964782715,16.91827964782715,16.91827964782715,16.91827964782715,16.91827964782715,16.91827964782715,16.91827964782715,16.91827964782715,3.0,,,hw_file/hw-47.txt,log_file/log-47.txt
48,qwen2.5-7b-instruct_bb1_c3_stlinf_one__t0.0_m512_conc_file_fs0_fmc8_dl_ufa0,3,FileManagerComponent,False,8,denylist,180.0,mixed,1,qwen2.5-7b-instruct,True,False,,one_shot,0.0,512,concise,1,15.573535442352295,3,2721,2721.0,2721.0,0.0,1185,1536,2721,0.0,0.0,0.0,0.0,1.0,1,1.0,0.5,0.06421149543734918,174.7194790850271,0.3333333333333333,1.0,1.0,1.0,1.0,0.0,0.0,0.0,0.0,0,0,0,0,15.571178436279297,15.571178436279297,15.571178436279297,15.571178436279297,15.571178436279297,15.571178436279297,15.571178436279297,15.571178436279297,3.0,,,hw_file/hw-48.txt,log_file/log-48.txt
49,qwen2.5-7b-instruct_bb1_c3_stlinf_one__t0.0_m512_conc_file_fs0_fmc8_dl_ufa1,3,FileManagerComponent,False,8,denylist,180.0,mixed,1,qwen2.5-7b-instruct,True,True,,one_shot,0.0,512,concise,1,16.918214797973633,3,0,0.0,,,0,0,0,0.0,0.0,0.0,0.0,1.0,1,1.0,0.0,0.05910789122501118,0.0,0.3333333333333333,1.0,1.0,1.0,1.0,0.0,0.0,0.0,0.0,0,0,0,0,16.91590666770935,16.91590666770935,16.91590666770935,16.91590666770935,16.91590666770935,16.91590666770935,16.91590666770935,16.91590666770935,3.0,,,hw_file/hw-49.txt,log_file/log-49.txt
50,qwen2.5-7b-instruct_bb1_c3_stlinf_one__t0.0_m512_conc_file_fs1_fmc2_al_ufa0,3,FileManagerComponent,True,2,allowlist,180.0,mixed,1,qwen2.5-7b-instruct,True,False,,one_shot,0.0,512,concise,1,9.820042371749878,3,2380,2380.0,2380.0,0.0,1434,946,2380,0.0,0.0,0.0,0.0,1.0,1,1.0,,0.10183255449862234,242.36147970672116,0.3333333333333333,1.0,1.0,1.0,1.0,0.0,0.0,0.0,0.0,0,0,0,0,9.817409753799438,9.817409753799438,9.817409753799438,9.817409753799438,9.817409753799438,9.817409753799438,9.817409753799438,9.817409753799438,3.0,,,hw_file/hw-50.txt,log_file/log-50.txt
51,qwen2.5-7b-instruct_bb1_c3_stlinf_one__t0.0_m512_conc_file_fs1_fmc2_al_ufa1,3,FileManagerComponent,True,2,allowlist,180.0,mixed,1,qwen2.5-7b-instruct,True,True,,one_shot,0.0,512,concise,1,30.268386840820312,3,0,0.0,,,0,0,0,0.0,0.0,0.0,0.0,1.0,1,1.0,0.0,0.033037769910201756,0.0,0.3333333333333333,1.0,1.0,1.0,1.0,0.0,0.0,0.0,0.0,0,0,0,0,30.265942573547363,30.265942573547363,30.265942573547363,30.265942573547363,30.265942573547363,30.265942573547363,30.265942573547363,30.265942573547363,3.0,,,hw_file/hw-51.txt,log_file/log-51.txt
52,qwen2.5-7b-instruct_bb1_c3_stlinf_one__t0.0_m512_conc_file_fs1_fmc2_dl_ufa0,3,FileManagerComponent,True,2,denylist,180.0,mixed,1,qwen2.5-7b-instruct,True,False,,one_shot,0.0,512,concise,1,6.928727388381958,3,2085,2085.0,2085.0,0.0,1434,651,2085,0.0,0.0,0.0,0.0,1.0,1,1.0,0.5,0.14432664816295024,300.92106141975125,0.3333333333333333,1.0,1.0,1.0,1.0,0.0,0.0,0.0,0.0,0,0,0,0,6.926308631896973,6.926308631896973,6.926308631896973,6.926308631896973,6.926308631896973,6.926308631896973,6.926308631896973,6.926308631896973,3.0,,,hw_file/hw-52.txt,log_file/log-52.txt
53,qwen2.5-7b-instruct_bb1_c3_stlinf_one__t0.0_m512_conc_file_fs1_fmc2_dl_ufa1,3,FileManagerComponent,True,2,denylist,180.0,mixed,1,qwen2.5-7b-instruct,True,True,,one_shot,0.0,512,concise,1,26.103954315185547,3,0,0.0,,,0,0,0,0.0,0.0,0.0,0.0,1.0,1,1.0,0.0,0.03830837228435795,0.0,0.3333333333333333,1.0,1.0,1.0,1.0,0.0,0.0,0.0,0.0,0,0,0,0,26.101074934005737,26.101074934005737,26.101074934005737,26.101074934005737,26.101074934005737,26.101074934005737,26.101074934005737,26.101074934005737,3.0,,,hw_file/hw-53.txt,log_file/log-53.txt
54,qwen2.5-7b-instruct_bb1_c3_stlinf_one__t0.0_m512_conc_file_fs1_fmc4_al_ufa0,3,FileManagerComponent,True,4,allowlist,180.0,mixed,1,qwen2.5-7b-instruct,True,False,,one_shot,0.0,512,concise,1,6.907170534133911,3,2085,2085.0,2085.0,0.0,1434,651,2085,0.0,0.0,0.0,0.0,1.0,1,1.0,0.5,0.14477708275164078,301.860217537171,0.3333333333333333,1.0,1.0,1.0,1.0,0.0,0.0,0.0,0.0,0,0,0,0,6.904291391372681,6.904291391372681,6.904291391372681,6.904291391372681,6.904291391372681,6.904291391372681,6.904291391372681,6.904291391372681,3.0,,,hw_file/hw-54.txt,log_file/log-54.txt
55,qwen2.5-7b-instruct_bb1_c3_stlinf_one__t0.0_m512_conc_file_fs1_fmc4_al_ufa1,3,FileManagerComponent,True,4,allowlist,180.0,mixed,1,qwen2.5-7b-instruct,True,True,,one_shot,0.0,512,concise,1,26.091758251190186,3,0,0.0,,,0,0,0,0.0,0.0,0.0,0.0,1.0,1,1.0,0.0,0.03832627875717746,0.0,0.3333333333333333,1.0,1.0,1.0,1.0,0.0,0.0,0.0,0.0,0,0,0,0,26.08891987800598,26.08891987800598,26.08891987800598,26.08891987800598,26.08891987800598,26.08891987800598,26.08891987800598,26.08891987800598,3.0,,,hw_file/hw-55.txt,log_file/log-55.txt
56,qwen2.5-7b-instruct_bb1_c3_stlinf_one__t0.0_m512_conc_file_fs1_fmc4_dl_ufa0,3,FileManagerComponent,True,4,denylist,180.0,mixed,1,qwen2.5-7b-instruct,True,False,,one_shot,0.0,512,concise,1,6.918635129928589,3,2085,2085.0,2085.0,0.0,1434,651,2085,0.0,0.0,0.0,0.0,1.0,1,1.0,0.5,0.14453717839147293,301.3600169462211,0.3333333333333333,1.0,1.0,1.0,1.0,0.0,0.0,0.0,0.0,0,0,0,0,6.916270971298218,6.916270971298218,6.916270971298218,6.916270971298218,6.916270971298218,6.916270971298218,6.916270971298218,6.916270971298218,3.0,,,hw_file/hw-56.txt,log_file/log-56.txt
57,qwen2.5-7b-instruct_bb1_c3_stlinf_one__t0.0_m512_conc_file_fs1_fmc4_dl_ufa1,3,FileManagerComponent,True,4,denylist,180.0,mixed,1,qwen2.5-7b-instruct,True,True,,one_shot,0.0,512,concise,1,26.110167026519775,3,0,0.0,,,0,0,0,0.0,0.0,0.0,0.0,1.0,1,1.0,0.0,0.03829925710487843,0.0,0.3333333333333333,1.0,1.0,1.0,1.0,0.0,0.0,0.0,0.0,0,0,0,0,26.10791516304016,26.10791516304016,26.10791516304016,26.10791516304016,26.10791516304016,26.10791516304016,26.10791516304016,26.10791516304016,3.0,,,hw_file/hw-57.txt,log_file/log-57.txt
58,qwen2.5-7b-instruct_bb1_c3_stlinf_one__t0.0_m512_conc_file_fs1_fmc8_al_ufa0,3,FileManagerComponent,True,8,allowlist,180.0,mixed,1,qwen2.5-7b-instruct,True,False,,one_shot,0.0,512,concise,1,6.946427583694458,3,2085,2085.0,2085.0,0.0,1434,651,2085,0.0,0.0,0.0,0.0,1.0,1,1.0,0.5,0.14395888936456025,300.1542843251081,0.3333333333333333,1.0,1.0,1.0,1.0,0.0,0.0,0.0,0.0,0,0,0,0,6.944044828414917,6.944044828414917,6.944044828414917,6.944044828414917,6.944044828414917,6.944044828414917,6.944044828414917,6.944044828414917,3.0,,,hw_file/hw-58.txt,log_file/log-58.txt
59,qwen2.5-7b-instruct_bb1_c3_stlinf_one__t0.0_m512_conc_file_fs1_fmc8_al_ufa1,3,FileManagerComponent,True,8,allowlist,180.0,mixed,1,qwen2.5-7b-instruct,True,True,,one_shot,0.0,512,concise,1,26.091845512390137,3,0,0.0,,,0,0,0,0.0,0.0,0.0,0.0,1.0,1,1.0,0.0,0.0383261505793116,0.0,0.3333333333333333,1.0,1.0,1.0,1.0,0.0,0.0,0.0,0.0,0,0,0,0,26.08941102027893,26.08941102027893,26.08941102027893,26.08941102027893,26.08941102027893,26.08941102027893,26.08941102027893,26.08941102027893,3.0,,,hw_file/hw-59.txt,log_file/log-59.txt
60,qwen2.5-7b-instruct_bb1_c3_stlinf_one__t0.0_m512_conc_file_fs1_fmc8_dl_ufa0,3,FileManagerComponent,True,8,denylist,180.0,mixed,1,qwen2.5-7b-instruct,True,False,,one_shot,0.0,512,concise,1,6.926497459411621,3,2085,2085.0,2085.0,0.0,1434,651,2085,0.0,0.0,0.0,0.0,1.0,1,1.0,0.5,0.14437311294198413,301.0179404840369,0.3333333333333333,1.0,1.0,1.0,1.0,0.0,0.0,0.0,0.0,0,0,0,0,6.924064874649048,6.924064874649048,6.924064874649048,6.924064874649048,6.924064874649048,6.924064874649048,6.924064874649048,6.924064874649048,3.0,,,hw_file/hw-60.txt,log_file/log-60.txt
61,qwen2.5-7b-instruct_bb1_c3_stlinf_one__t0.0_m512_conc_file_fs1_fmc8_dl_ufa1,3,FileManagerComponent,True,8,denylist,180.0,mixed,1,qwen2.5-7b-instruct,True,True,,one_shot,0.0,512,concise,1,26.105926752090454,3,0,0.0,,,0,0,0,0.0,0.0,0.0,0.0,1.0,1,1.0,0.0,0.038305477889993854,0.0,0.3333333333333333,1.0,1.0,1.0,1.0,0.0,0.0,0.0,0.0,0,0,0,0,26.103153228759766,26.103153228759766,26.103153228759766,26.103153228759766,26.103153228759766,26.103153228759766,26.103153228759766,26.103153228759766,3.0,,,hw_file/hw-61.txt,log_file/log-61.txt
62,qwen2.5-7b-instruct_bb1_c3_stlinf_one__t0.7_m2048_conc_file+code+webs_fs0_fmc2_dl_ufa0,3,FileManagerComponent+CodeExecutorComponent+WebSearchComponent,False,2,denylist,180.0,mixed,1,qwen2.5-7b-instruct,True,False,,one_shot,0.7,2048,concise,1,6.272590160369873,3,2215,2215.0,2215.0,0.0,1653,562,2215,0.0,0.0,0.0,0.0,1.0,1,1.0,0.5,0.1594237746183362,353.1236607796147,0.3333333333333333,1.0,1.0,1.0,1.0,0.0,0.0,0.0,0.0,0,0,0,0,6.269629955291748,6.269629955291748,6.269629955291748,6.269629955291748,6.269629955291748,6.269629955291748,6.269629955291748,6.269629955291748,3.0,,,hw_file/hw-62.txt,log_file/log-62.txt
63,qwen2.5-7b-instruct_bb1_c3_stlinf_one__t0.7_m2048_conc_file_fs1_fmc2_al_ufa0,3,FileManagerComponent,True,2,allowlist,180.0,mixed,1,qwen2.5-7b-instruct,True,False,,one_shot,0.7,2048,concise,1,7.6999595165252686,3,2181,2181.0,2181.0,0.0,1464,717,2181,0.0,0.0,0.0,0.0,1.0,1,1.0,0.5,0.1298708126781511,283.24824245104753,0.3333333333333333,1.0,1.0,1.0,1.0,0.0,0.0,0.0,0.0,0,0,0,0,7.697666883468628,7.697666883468628,7.697666883468628,7.697666883468628,7.697666883468628,7.697666883468628,7.697666883468628,7.697666883468628,3.0,,,hw_file/hw-63.txt,log_file/log-63.txt
64,qwen2.5-7b-instruct_bb1_c3_stlinf_one__t0.7_m2048_conc_file_fs1_fmc2_al_ufa1,3,FileManagerComponent,True,2,allowlist,180.0,mixed,1,qwen2.5-7b-instruct,True,True,,one_shot,0.7,2048,concise,1,27.091339349746704,3,0,0.0,,,0,0,0,0.0,0.0,0.0,0.0,1.0,1,1.0,0.5,0.03691216543745186,0.0,0.3333333333333333,1.0,1.0,1.0,1.0,0.0,0.0,0.0,0.0,0,0,0,0,27.089059591293335,27.089059591293335,27.089059591293335,27.089059591293335,27.089059591293335,27.089059591293335,27.089059591293335,27.089059591293335,3.0,,,hw_file/hw-64.txt,log_file/log-64.txt
65,qwen2.5-7b-instruct_bb1_c3_stlinf_one__t0.7_m2048_conc_file_fs1_fmc2_dl_ufa0,3,FileManagerComponent,True,2,denylist,180.0,mixed,1,qwen2.5-7b-instruct,True,False,,one_shot,0.7,2048,concise,1,10.65368390083313,3,2472,2472.0,2472.0,0.0,1464,1008,2472,0.0,0.0,0.0,0.0,1.0,1,1.0,0.5,0.09386424539231908,232.03241460981275,0.3333333333333333,1.0,1.0,1.0,1.0,0.0,0.0,0.0,0.0,0,0,0,0,10.651429414749146,10.651429414749146,10.651429414749146,10.651429414749146,10.651429414749146,10.651429414749146,10.651429414749146,10.651429414749146,3.0,,,hw_file/hw-65.txt,log_file/log-65.txt
66,qwen2.5-7b-instruct_bb1_c3_stlinf_one__t0.7_m2048_conc_file_fs1_fmc2_dl_ufa1,3,FileManagerComponent,True,2,denylist,180.0,mixed,1,qwen2.5-7b-instruct,True,True,,one_shot,0.7,2048,concise,1,21.276362895965576,3,1284,1284.0,1284.0,0.0,800,484,1284,0.0,0.0,0.0,0.0,1.0,1,1.0,0.5,0.047000514368441236,60.348660449078544,0.3333333333333333,1.0,1.0,1.0,1.0,0.0,0.0,0.0,0.0,0,0,0,0,21.2739679813385,21.2739679813385,21.2739679813385,21.2739679813385,21.2739679813385,21.2739679813385,21.2739679813385,21.2739679813385,3.0,,,hw_file/hw-66.txt,log_file/log-66.txt
67,qwen2.5-7b-instruct_bb1_c3_stlinf_one__t0.7_m2048_conc_file_fs1_fmc4_al_ufa1,3,FileManagerComponent,True,4,allowlist,180.0,mixed,1,qwen2.5-7b-instruct,True,True,,one_shot,0.7,2048,concise,1,28.507516860961914,3,0,0.0,,,0,0,0,0.0,0.0,0.0,0.0,1.0,1,1.0,0.5,0.03507846736975525,0.0,0.3333333333333333,1.0,1.0,1.0,1.0,0.0,0.0,0.0,0.0,0,0,0,0,28.505201816558838,28.505201816558838,28.505201816558838,28.505201816558838,28.505201816558838,28.505201816558838,28.505201816558838,28.505201816558838,3.0,,,hw_file/hw-67.txt,log_file/log-67.txt
68,qwen2.5-7b-instruct_bb1_c3_stlinf_one__t0.7_m512_conc_file+code+webs+cont_fs0_fmc2_dl_ufa0,3,FileManagerComponent+CodeExecutorComponent+WebSearchComponent+ContextComponent,False,2,denylist,180.0,mixed,1,qwen2.5-7b-instruct,True,False,,one_shot,0.7,512,concise,1,13.462471723556519,3,3160,3160.0,3160.0,0.0,1878,1282,3160,0.0,0.0,0.0,0.0,1.0,1,1.0,0.5,0.07428056456008807,234.72658400987828,0.3333333333333333,1.0,1.0,1.0,1.0,0.0,0.0,0.0,0.0,0,0,0,0,13.46006464958191,13.46006464958191,13.46006464958191,13.46006464958191,13.46006464958191,13.46006464958191,13.46006464958191,13.46006464958191,3.0,,,hw_file/hw-68.txt,log_file/log-68.txt
69,qwen2.5-7b-instruct_bb1_c3_stlinf_one__t0.7_m512_conc_file_fs0_fmc2_al_ufa0,3,FileManagerComponent,False,2,allowlist,180.0,mixed,1,qwen2.5-7b-instruct,True,False,,one_shot,0.7,512,concise,1,12.229880809783936,3,2354,2354.0,2354.0,0.0,1185,1169,2354,0.0,0.0,0.0,0.0,1.0,1,1.0,0.5,0.08176694569255306,192.47939016026993,0.3333333333333333,1.0,1.0,1.0,1.0,0.0,0.0,0.0,0.0,0,0,0,0,12.227484703063965,12.227484703063965,12.227484703063965,12.227484703063965,12.227484703063965,12.227484703063965,12.227484703063965,12.227484703063965,3.0,,,hw_file/hw-69.txt,log_file/log-69.txt
70,qwen2.5-7b-instruct_bb1_c3_stlinf_one__t0.7_m512_conc_file_fs0_fmc2_al_ufa1,3,FileManagerComponent,False,2,allowlist,180.0,mixed,1,qwen2.5-7b-instruct,True,True,,one_shot,0.7,512,concise,1,36.72075963020325,3,0,0.0,,,0,0,0,0.0,0.0,0.0,0.0,1.0,1,1.0,0.5,0.02723255210596157,0.0,0.3333333333333333,1.0,1.0,1.0,1.0,0.0,0.0,0.0,0.0,0,0,0,0,36.71830868721008,36.71830868721008,36.71830868721008,36.71830868721008,36.71830868721008,36.71830868721008,36.71830868721008,36.71830868721008,3.0,,,hw_file/hw-70.txt,log_file/log-70.txt
71,qwen2.5-7b-instruct_bb1_c3_stlinf_one__t0.7_m512_conc_file_fs0_fmc2_dl_ufa0,3,FileManagerComponent,False,2,denylist,180.0,mixed,1,qwen2.5-7b-instruct,True,False,,one_shot,0.7,512,concise,1,11.25929570198059,3,2258,2258.0,2258.0,0.0,1185,1073,2258,0.0,0.0,0.0,0.0,1.0,1,1.0,,0.08881550200552,200.5454035284642,0.3333333333333333,1.0,1.0,1.0,1.0,0.0,0.0,0.0,0.0,0,0,0,0,11.257011413574219,11.257011413574219,11.257011413574219,11.257011413574219,11.257011413574219,11.257011413574219,11.257011413574219,11.257011413574219,3.0,,,hw_file/hw-71.txt,log_file/log-71.txt
72,qwen2.5-7b-instruct_bb1_c3_stlinf_one__t0.7_m512_conc_file_fs0_fmc2_dl_ufa1,3,FileManagerComponent,False,2,denylist,180.0,mixed,1,qwen2.5-7b-instruct,True,True,,one_shot,0.7,512,concise,1,27.24606418609619,3,0,0.0,,,0,0,0,0.0,0.0,0.0,0.0,1.0,1,1.0,0.0,0.036702548785387694,0.0,0.3333333333333333,1.0,1.0,1.0,1.0,0.0,0.0,0.0,0.0,0,0,0,0,27.243714332580566,27.243714332580566,27.243714332580566,27.243714332580566,27.243714332580566,27.243714332580566,27.243714332580566,27.243714332580566,3.0,,,hw_file/hw-72.txt,log_file/log-72.txt
73,qwen2.5-7b-instruct_bb1_c3_stlinf_one__t0.7_m512_conc_file_fs0_fmc4_al_ufa0,3,FileManagerComponent,False,4,allowlist,180.0,mixed,1,qwen2.5-7b-instruct,True,False,,one_shot,0.7,512,concise,1,8.238685607910156,3,3566,3566.0,3566.0,0.0,2804,762,3566,0.0,0.0,0.0,0.0,1.0,1,1.0,0.5,0.12137858483638173,432.8360335265372,0.3333333333333333,1.0,1.0,1.0,1.0,0.0,0.0,0.0,0.0,0,0,0,0,8.23612093925476,8.23612093925476,8.23612093925476,8.23612093925476,8.23612093925476,8.23612093925476,8.23612093925476,8.23612093925476,3.0,,,hw_file/hw-73.txt,log_file/log-73.txt
74,qwen2.5-7b-instruct_bb1_c3_stlinf_one__t0.7_m512_conc_file_fs0_fmc4_al_ufa1,3,FileManagerComponent,False,4,allowlist,180.0,mixed,1,qwen2.5-7b-instruct,True,True,,one_shot,0.7,512,concise,1,39.29620671272278,3,0,0.0,,,0,0,0,0.0,0.0,0.0,0.0,1.0,1,1.0,0.0,0.025447748870789454,0.0,0.3333333333333333,1.0,1.0,1.0,1.0,0.0,0.0,0.0,0.0,0,0,0,0,39.29381489753723,39.29381489753723,39.29381489753723,39.29381489753723,39.29381489753723,39.29381489753723,39.29381489753723,39.29381489753723,3.0,,,hw_file/hw-74.txt,log_file/log-74.txt
75,qwen2.5-7b-instruct_bb1_c3_stlinf_one__t0.7_m512_conc_file_fs0_fmc4_dl_ufa0,3,FileManagerComponent,False,4,denylist,180.0,mixed,1,qwen2.5-7b-instruct,True,False,,one_shot,0.7,512,concise,1,12.373525619506836,3,2367,2367.0,2367.0,0.0,1185,1182,2367,0.0,0.0,0.0,0.0,1.0,1,1.0,0.5,0.0808177095801622,191.29551857624392,0.3333333333333333,1.0,1.0,1.0,1.0,0.0,0.0,0.0,0.0,0,0,0,0,12.371186017990112,12.371186017990112,12.371186017990112,12.371186017990112,12.371186017990112,12.371186017990112,12.371186017990112,12.371186017990112,3.0,,,hw_file/hw-75.txt,log_file/log-75.txt
76,qwen2.5-7b-instruct_bb1_c3_stlinf_one__t0.7_m512_conc_file_fs0_fmc4_dl_ufa1,3,FileManagerComponent,False,4,denylist,180.0,mixed,1,qwen2.5-7b-instruct,True,True,,one_shot,0.7,512,concise,1,38.680614948272705,3,0,0.0,,,0,0,0,0.0,0.0,0.0,0.0,1.0,1,1.0,0.0,0.02585274306877728,0.0,0.3333333333333333,1.0,1.0,1.0,1.0,0.0,0.0,0.0,0.0,0,0,0,0,38.67799997329712,38.67799997329712,38.67799997329712,38.67799997329712,38.67799997329712,38.67799997329712,38.67799997329712,38.67799997329712,3.0,,,hw_file/hw-76.txt,log_file/log-76.txt
77,qwen2.5-7b-instruct_bb1_c3_stlinf_one__t0.7_m512_conc_file_fs0_fmc8_al_ufa0,3,FileManagerComponent,False,8,allowlist,180.0,mixed,1,qwen2.5-7b-instruct,True,False,,one_shot,0.7,512,concise,1,20.121851444244385,3,5760,5760.0,5760.0,0.0,3810,1950,5760,0.0,0.0,0.0,0.0,1.0,1,1.0,0.5,0.04969721612203026,286.2559648628943,0.3333333333333333,1.0,1.0,1.0,1.0,0.0,0.0,0.0,0.0,0,0,0,0,20.11943769454956,20.11943769454956,20.11943769454956,20.11943769454956,20.11943769454956,20.11943769454956,20.11943769454956,20.11943769454956,3.0,,,hw_file/hw-77.txt,log_file/log-77.txt
78,qwen2.5-7b-instruct_bb1_c3_stlinf_one__t0.7_m512_conc_file_fs0_fmc8_al_ufa1,3,FileManagerComponent,False,8,allowlist,180.0,mixed,1,qwen2.5-7b-instruct,True,True,,one_shot,0.7,512,concise,1,32.555659770965576,3,0,0.0,,,0,0,0,0.0,0.0,0.0,0.0,1.0,1,1.0,0.5,0.030716625220780797,0.0,0.3333333333333333,1.0,1.0,1.0,1.0,0.0,0.0,0.0,0.0,0,0,0,0,32.55336093902588,32.55336093902588,32.55336093902588,32.55336093902588,32.55336093902588,32.55336093902588,32.55336093902588,32.55336093902588,3.0,,,hw_file/hw-78.txt,log_file/log-78.txt
79,qwen2.5-7b-instruct_bb1_c3_stlinf_one__t0.7_m512_conc_file_fs0_fmc8_dl_ufa0,3,FileManagerComponent,False,8,denylist,180.0,mixed,1,qwen2.5-7b-instruct,True,False,,one_shot,0.7,512,concise,1,11.214501857757568,3,2276,2276.0,2276.0,0.0,1209,1067,2276,0.0,0.0,0.0,0.0,1.0,1,1.0,0.5,0.08917025586011702,202.95150233762632,0.3333333333333333,1.0,1.0,1.0,1.0,0.0,0.0,0.0,0.0,0,0,0,0,11.212178945541382,11.212178945541382,11.212178945541382,11.212178945541382,11.212178945541382,11.212178945541382,11.212178945541382,11.212178945541382,3.0,,,hw_file/hw-79.txt,log_file/log-79.txt
80,qwen2.5-7b-instruct_bb1_c3_stlinf_one__t0.7_m512_conc_file_fs0_fmc8_dl_ufa1,3,FileManagerComponent,False,8,denylist,180.0,mixed,1,qwen2.5-7b-instruct,True,True,,one_shot,0.7,512,concise,1,38.55045223236084,3,0,0.0,,,0,0,0,0.0,0.0,0.0,0.0,1.0,1,1.0,0.5,0.02594003292030278,0.0,0.3333333333333333,1.0,1.0,1.0,1.0,0.0,0.0,0.0,0.0,0,0,0,0,38.54806637763977,38.54806637763977,38.54806637763977,38.54806637763977,38.54806637763977,38.54806637763977,38.54806637763977,38.54806637763977,3.0,,,hw_file/hw-80.txt,log_file/log-80.txt
81,qwen2.5-7b-instruct_bb1_c3_stlinf_one__t0.7_m512_conc_file_fs1_fmc2_al_ufa0,3,FileManagerComponent,True,2,allowlist,180.0,mixed,1,qwen2.5-7b-instruct,True,False,,one_shot,0.7,512,concise,1,11.535153150558472,3,4225,4225.0,4225.0,0.0,3131,1094,4225,0.0,0.0,0.0,0.0,1.0,1,1.0,,0.08669152346291867,366.27168663083137,0.3333333333333333,1.0,1.0,1.0,1.0,0.0,0.0,0.0,0.0,0,0,0,0,11.532873153686523,11.532873153686523,11.532873153686523,11.532873153686523,11.532873153686523,11.532873153686523,11.532873153686523,11.532873153686523,3.0,,,hw_file/hw-81.txt,log_file/log-81.txt
82,qwen2.5-7b-instruct_bb1_c3_stlinf_one__t0.7_m512_conc_file_fs1_fmc2_al_ufa1,3,FileManagerComponent,True,2,allowlist,180.0,mixed,1,qwen2.5-7b-instruct,True,True,,one_shot,0.7,512,concise,1,34.43403887748718,3,0,0.0,,,0,0,0,0.0,0.0,0.0,0.0,1.0,1,1.0,0.0,0.029041031275996946,0.0,0.3333333333333333,1.0,1.0,1.0,1.0,0.0,0.0,0.0,0.0,0,0,0,0,34.43165969848633,34.43165969848633,34.43165969848633,34.43165969848633,34.43165969848633,34.43165969848633,34.43165969848633,34.43165969848633,3.0,,,hw_file/hw-82.txt,log_file/log-82.txt
83,qwen2.5-7b-instruct_bb1_c3_stlinf_one__t0.7_m512_conc_file_fs1_fmc2_dl_ufa0,3,FileManagerComponent,True,2,denylist,180.0,mixed,1,qwen2.5-7b-instruct,True,False,,one_shot,0.7,512,concise,1,9.26732611656189,3,2310,2310.0,2310.0,0.0,1434,876,2310,0.0,0.0,0.0,0.0,1.0,1,1.0,0.5,0.10790599007980013,249.26283708433832,0.3333333333333333,1.0,1.0,1.0,1.0,0.0,0.0,0.0,0.0,0,0,0,0,9.265223979949951,9.265223979949951,9.265223979949951,9.265223979949951,9.265223979949951,9.265223979949951,9.265223979949951,9.265223979949951,3.0,,,hw_file/hw-83.txt,log_file/log-83.txt
84,qwen2.5-7b-instruct_bb1_c3_stlinf_one__t0.7_m512_conc_file_fs1_fmc2_dl_ufa1,3,FileManagerComponent,True,2,denylist,180.0,mixed,1,qwen2.5-7b-instruct,True,True,,one_shot,0.7,512,concise,1,32.75557827949524,3,6813,6813.0,6813.0,0.0,4780,2033,6813,0.0,0.0,0.0,0.0,1.0,1,1.0,,0.030529151140830046,207.9951067224751,0.3333333333333333,1.0,1.0,1.0,1.0,0.0,0.0,0.0,0.0,0,0,0,0,32.75317716598511,32.75317716598511,32.75317716598511,32.75317716598511,32.75317716598511,32.75317716598511,32.75317716598511,32.75317716598511,3.0,,,hw_file/hw-84.txt,log_file/log-84.txt
85,qwen2.5-7b-instruct_bb1_c3_stlinf_one__t0.7_m512_conc_file_fs1_fmc4_al_ufa0,3,FileManagerComponent,True,4,allowlist,180.0,mixed,1,qwen2.5-7b-instruct,True,False,,one_shot,0.7,512,concise,1,15.899386882781982,3,2970,2970.0,2970.0,0.0,1434,1536,2970,0.0,0.0,0.0,0.0,1.0,1,1.0,0.5,0.06289550706404509,186.7996559802139,0.3333333333333333,1.0,1.0,1.0,1.0,0.0,0.0,0.0,0.0,0,0,0,0,15.898218393325806,15.898218393325806,15.898218393325806,15.898218393325806,15.898218393325806,15.898218393325806,15.898218393325806,15.898218393325806,3.0,,,hw_file/hw-85.txt,log_file/log-85.txt
86,qwen2.5-7b-instruct_bb1_c3_stlinf_one__t0.7_m512_conc_file_fs1_fmc4_al_ufa1,3,FileManagerComponent,True,4,allowlist,180.0,mixed,1,qwen2.5-7b-instruct,True,True,,one_shot,0.7,512,concise,1,40.63074469566345,3,0,0.0,,,0,0,0,0.0,0.0,0.0,0.0,1.0,1,1.0,0.0,0.02461190429784888,0.0,0.3333333333333333,1.0,1.0,1.0,1.0,0.0,0.0,0.0,0.0,0,0,0,0,40.62830710411072,40.62830710411072,40.62830710411072,40.62830710411072,40.62830710411072,40.62830710411072,40.62830710411072,40.62830710411072,3.0,,,hw_file/hw-86.txt,log_file/log-86.txt
87,qwen2.5-7b-instruct_bb1_c3_stlinf_one__t0.7_m512_conc_file_fs1_fmc4_dl_ufa0,3,FileManagerComponent,True,4,denylist,180.0,mixed,1,qwen2.5-7b-instruct,True,False,,one_shot,0.7,512,concise,1,23.510749340057373,3,6312,6312.0,6312.0,0.0,4016,2296,6312,0.0,0.0,0.0,0.0,1.0,1,1.0,,0.04253373576214393,268.4729401306525,0.3333333333333333,1.0,1.0,1.0,1.0,0.0,0.0,0.0,0.0,0,0,0,0,23.508466005325317,23.508466005325317,23.508466005325317,23.508466005325317,23.508466005325317,23.508466005325317,23.508466005325317,23.508466005325317,3.0,,,hw_file/hw-87.txt,log_file/log-87.txt
88,qwen2.5-7b-instruct_bb1_c3_stlinf_one__t0.7_m512_conc_file_fs1_fmc4_dl_ufa1,3,FileManagerComponent,True,4,denylist,180.0,mixed,1,qwen2.5-7b-instruct,True,True,,one_shot,0.7,512,concise,1,35.243430852890015,3,5198,5198.0,5198.0,0.0,3947,1251,5198,0.0,0.0,0.0,0.0,1.0,1,1.0,,0.028374082085654794,147.48847868123363,0.3333333333333333,1.0,1.0,1.0,1.0,0.0,0.0,0.0,0.0,0,0,0,0,35.241122007369995,35.241122007369995,35.241122007369995,35.241122007369995,35.241122007369995,35.241122007369995,35.241122007369995,35.241122007369995,3.0,,,hw_file/hw-88.txt,log_file/log-88.txt
89,qwen2.5-7b-instruct_bb1_c3_stlinf_one__t0.7_m512_conc_file_fs1_fmc8_al_ufa0,3,FileManagerComponent,True,8,allowlist,180.0,mixed,1,qwen2.5-7b-instruct,True,False,,one_shot,0.7,512,concise,1,9.373190641403198,3,2317,2317.0,2317.0,0.0,1434,883,2317,0.0,0.0,0.0,0.0,1.0,1,1.0,0.5,0.10668725712062298,247.19437474848343,0.3333333333333333,1.0,1.0,1.0,1.0,0.0,0.0,0.0,0.0,0,0,0,0,9.370914936065674,9.370914936065674,9.370914936065674,9.370914936065674,9.370914936065674,9.370914936065674,9.370914936065674,9.370914936065674,3.0,,,hw_file/hw-89.txt,log_file/log-89.txt
90,qwen2.5-7b-instruct_bb1_c3_stlinf_one__t0.7_m512_conc_file_fs1_fmc8_al_ufa1,3,FileManagerComponent,True,8,allowlist,180.0,mixed,1,qwen2.5-7b-instruct,True,True,,one_shot,0.7,512,concise,1,28.539930820465088,3,10911,10911.0,10911.0,0.0,8123,2788,10911,0.0,0.0,0.0,0.0,1.0,1,1.0,,0.03503862732851936,382.30646278147475,0.3333333333333333,1.0,1.0,1.0,1.0,0.0,0.0,0.0,0.0,0,0,0,0,28.5373694896698,28.5373694896698,28.5373694896698,28.5373694896698,28.5373694896698,28.5373694896698,28.5373694896698,28.5373694896698,3.0,,,hw_file/hw-90.txt,log_file/log-90.txt
91,qwen2.5-7b-instruct_bb1_c3_stlinf_one__t0.7_m512_conc_file_fs1_fmc8_dl_ufa0,3,FileManagerComponent,True,8,denylist,180.0,mixed,1,qwen2.5-7b-instruct,True,False,,one_shot,0.7,512,concise,1,5.096172094345093,3,1888,1888.0,1888.0,0.0,1434,454,1888,0.0,0.0,0.0,0.0,1.0,1,1.0,0.5,0.19622571245379217,370.47414511275963,0.3333333333333333,1.0,1.0,1.0,1.0,0.0,0.0,0.0,0.0,0,0,0,0,5.093612432479858,5.093612432479858,5.093612432479858,5.093612432479858,5.093612432479858,5.093612432479858,5.093612432479858,5.093612432479858,3.0,,,hw_file/hw-91.txt,log_file/log-91.txt
92,qwen2.5-7b-instruct_bb1_c3_stlinf_one__t0.7_m512_conc_file_fs1_fmc8_dl_ufa1,3,FileManagerComponent,True,8,denylist,180.0,mixed,1,qwen2.5-7b-instruct,True,True,,one_shot,0.7,512,concise,1,36.23148012161255,3,1289,1289.0,1289.0,0.0,790,499,1289,0.0,0.0,0.0,0.0,1.0,1,1.0,,0.02760030770599093,35.576796633022305,0.3333333333333333,1.0,1.0,1.0,1.0,0.0,0.0,0.0,0.0,0,0,0,0,36.22920632362366,36.22920632362366,36.22920632362366,36.22920632362366,36.22920632362366,36.22920632362366,36.22920632362366,36.22920632362366,3.0,,,hw_file/hw-92.txt,log_file/log-92.txt
